_id,name,type,slug,acronyme,start,end,axe.id,bddLink
ObjectID(569a23875404e700078672a3),"Sciences économiques et gestion","ecole-doctorale","sciences-conomiques-et-gestion","","","",,""
ObjectID(569a23875404e700078672a4),"Lettres, langues, linguistique et arts","ecole-doctorale","lettres-langues-linguistique-et-arts","","","",,""
ObjectID(569a23875404e700078672a5),"Sciences Sociales","ecole-doctorale","sciences-sociales","","","",,""
ObjectID(569a23875404e700078672a6),"Ecole doctorale de Physique et Astrophysique de Lyon","ecole-doctorale","ecole-doctorale-de-physique-et-astrophysique-de-lyon","","","",,""
ObjectID(569a23875404e700078672a7),"ecole-doctorale-8427","ecole-doctorale","ecole-doctorale-8427","","","",,""
ObjectID(569a23875404e700078672a8),"Education,    Psychologie,    Information    et 
Communication","ecole-doctorale","education-psychologie-information-et-communication","","","",,""
ObjectID(569a23875404e700078672a9),"Sciences de l'Homme, du Politique et  du Territoire","ecole-doctorale","sciences-de-lhomme-du-politique-et-du-territoire","","","",,""
ObjectID(569a23875404e700078672aa),"Langues Littératures et Sciences humaines","ecole-doctorale","langues-littratures-et-sciences-humaines","","","",,""
ObjectID(569a23875404e700078672ab),"Philosophie : Histoire, représentation, création ","ecole-doctorale","philosophie-histoire-reprsentation-cration","","","",,""
ObjectID(569a23875404e700078672ac),"InfoMaths","ecole-doctorale","infomaths","","","",,""
ObjectID(569a23875404e700078672ad),"Triangle","laboratoire","triangle","","","",,"http://www.arc.rhonealpes.fr/?post_type=bdd_laboratoire&p=1512&bdd=love"
ObjectID(569a23875404e700078672ae),"Christine.plante@free.fr","laboratoire","christineplantefreefr","","","",,""
ObjectID(569a23875404e700078672af),"IRG","laboratoire","irg","","","",,""
ObjectID(569a23875404e700078672b0),"Laboratoire de Physique","laboratoire","laboratoire-de-physique","","","",,"http://www.arc.rhonealpes.fr/?post_type=bdd_laboratoire&p=1525&bdd=love"
ObjectID(569a23875404e700078672b1),"laboratoire81182","laboratoire","laboratoire81182","","","",,""
ObjectID(569a23875404e700078672b2),"ELICO","laboratoire","elico","","","",,""
ObjectID(569a23875404e700078672b3),"LES","laboratoire","les","","","",,""
ObjectID(569a23875404e700078672b4),"Gresec","laboratoire","gresec","","","",,""
ObjectID(569a23875404e700078672b5),"LIDILEM ","laboratoire","lidilem","","","",,""
ObjectID(569a23875404e700078672b6),"PLC","laboratoire","plc","","","",,""
ObjectID(569a23875404e700078672b7),"HISOMA  ","laboratoire","hisoma","","","",,""
ObjectID(569a23875404e700078672b8),"GIPSA-Lab","laboratoire","gipsa-lab","","","",,""
ObjectID(569a23875404e700078672b9),"LLS","laboratoire","lls","","","",,""
ObjectID(569a23875404e700078672ba),"LIRE - SEMA","laboratoire","lire-sema","","","",,""
ObjectID(569a23875404e700078672bb),"CIEREC","laboratoire","cierec","","","",,""
ObjectID(569a23875404e700078672bc),"PACTE","laboratoire","pacte","","","",,""
ObjectID(569a23875404e700078672bd),"LIRE","laboratoire","lire","","","",,""
ObjectID(569a23875404e700078672be),"IHPC","laboratoire","ihpc","","","",,""
ObjectID(569a23875404e700078672bf),"ENS-Ulm","laboratoire","ens-ulm","","","",,""
ObjectID(569a23875404e700078672c0),"ICAR","laboratoire","icar","","","",,""
ObjectID(569a23875404e700078672c1),"Passages XX-XXI","laboratoire","passages-xx-xxi","","","",,"http://www.arc.rhonealpes.fr/bdd/laboratoire/passages-xx-xxi/"
ObjectID(569a23875404e700078672c2),"CMW ","laboratoire","cmw","","","",,""
ObjectID(569a23875404e700078672c3),"Philosophie, Langages & cognition","laboratoire","philosophie-langages-cognition","","","",,""
ObjectID(569a23875404e700078672c4),"LIRE
(équipe équipe Grenoble 3)","laboratoire","lire-quipe-quipe-grenoble-3","","","",,""
ObjectID(569a23875404e700078672c5),"S2HEP","laboratoire","s2hep","","","",,""
ObjectID(569a23875404e700078672c6),"EVS","laboratoire","evs","","","",,""
ObjectID(569a23875404e700078672c7),"UMR 5611 LIRE","laboratoire","umr-5611-lire","","","",,""
ObjectID(569a23875404e700078672c8),"RARE","laboratoire","rare","","","",,""
ObjectID(569a23875404e700078672c9),"CRHIPA - EA 599","laboratoire","crhipa-ea-599","","","",,""
ObjectID(569a23875404e700078672ca),"UMR 5283 Centre Max Weber","laboratoire","umr-5283-centre-max-weber","","","",,""
ObjectID(569a23875404e700078672cb),"Centre Max Weber","laboratoire","centre-max-weber","","","",,""
ObjectID(569a23875404e700078672cc),"UMR CNRS 5190 LARHRA","laboratoire","umr-cnrs-5190-larhra","","","",,""
ObjectID(569a23875404e700078672cd),"GATE UMR CNRS 5824","laboratoire","gate-umr-cnrs-5824","","","",,""
ObjectID(569a23875404e700078672ce),"LIRIS","laboratoire","liris","","","",,""
ObjectID(569a23875404e700078672cf),"ERIC EA 3083","laboratoire","eric-ea-3083","","","",,""
ObjectID(569a23875404e700078672d0),"PACTE  (UMR 5194)","laboratoire","pacte-umr-5194","","","",,""
ObjectID(569a23875404e700078672d1),"Laboratoire des Sciences de l'Education","laboratoire","laboratoire-des-sciences-de-leducation","","","",,""
ObjectID(569a23875404e700078672d2),"EMC2-LSG","laboratoire","emc2-lsg","","","",,""
ObjectID(569a23875404e700078672d3),"LLS (EA 3706)","laboratoire","lls-ea-3706","","","",,""
ObjectID(569a23875404e700078672d4),"IREGE","laboratoire","irege","","","",,""
ObjectID(569a23875404e700078672d5),"CRHIPA","laboratoire","crhipa","","","",,""
ObjectID(569a23875404e700078672d6),"EA 4160 Passages 20-21","laboratoire","ea-4160-passages-20-21","","","",,""
ObjectID(569a23875404e700078672d7),"TRAVERSES 19-21, EA 3748","laboratoire","traverses-19-21-ea-3748","","","",,""
ObjectID(569a23875404e700078672d8),"IHPC UMR 5037 ","laboratoire","ihpc-umr-5037","","","",,""
ObjectID(569a23875404e700078672d9),"LARHRA","laboratoire","larhra","","","",,""
ObjectID(569a23875404e700078672da),"Traverses 19-21","laboratoire","traverses-19-21","","","",,""
ObjectID(569a23875404e700078672db),"IAO - UMR 5062","laboratoire","iao-umr-5062","","","",,""
ObjectID(569a23875404e700078672dc),"LIRE, ENS de Lyon","laboratoire","lire-ens-de-lyon","","","",,""
ObjectID(569a23875404e700078672dd),"Gipsa-Lab Grenoble UMR 5216","laboratoire","gipsa-lab-grenoble-umr-5216","","","",,""
ObjectID(569a23875404e700078672de),"USR 3439 MSH ","laboratoire","usr-3439-msh","","","",,""
ObjectID(569a23875404e700078672df),"LIDILEM (EA 609)","laboratoire","lidilem-ea-609","","","",,""
ObjectID(569a23875404e700078672e0),"Centre d'Epistémologie des Sciences Cognitives, UMR5037","laboratoire","centre-depistmologie-des-sciences-cognitives-umr5037","","","",,""
ObjectID(569a23875404e700078672e1),"CEMRA (EA3016)","laboratoire","cemra-ea3016","","","",,""
ObjectID(569a23875404e700078672e2),"Institut Fourier, Unité mixte de recherche CNRS 5582","laboratoire","institut-fourier-unit-mixte-de-recherche-cnrs-5582","","","",,""
ObjectID(569a23875404e700078672e3),"LIRE. Littérature, Idéologies et Représentations aux XVIIIe et XIXe siècles. UMR 5611","laboratoire","lire-littrature-idologies-et-reprsentations-aux-xviiie-et-xixe-sicles-umr-5611","","","",,""
ObjectID(569a23875404e700078672e4),"IRPHIL - Institut de Recherches Philosophiques de Lyon","laboratoire","irphil-institut-de-recherches-philosophiques-de-lyon","","","",,""
ObjectID(569a23875404e700078672e5),"Centre Max Weber UMR 5283 ","laboratoire","centre-max-weber-umr-5283","","","",,"http://www.arc.rhonealpes.fr/?post_type=bdd_laboratoire&p=1385&bdd=love"
ObjectID(569a23875404e700078672e6),"Monnaie impériale et corpus numismatique en Rhône-Alpes ","postdoc","monnaie-imperiale-et-corpus-numismatique-en-rhone-alpes","MIRECNERNA","2016-01-15T23:00:00.000Z","2016-01-15T23:00:00.000Z",1,""
ObjectID(569a23875404e700078672e7),"Ecole Normale supérieure - ENS Lyon","etablissement","ecole-normale-superieure-ens-lyon","","","",,""
ObjectID(569a23875404e700078672e8),"UNIVERSITE LUMIERE LYON 2","etablissement","universite-lumiere-lyon-2","","","",,""
ObjectID(569a23875404e700078672e9),"etablissement-28891","etablissement","etablissement-28891","","","",,""
ObjectID(569a23875404e700078672ea),"UNIVERSITE PIERRE MENDES FRANCE GRENOBLE 2 - UPMF","etablissement","universite-pierre-mendes-france-grenoble-2-upmf","","","",,""
ObjectID(569a23875404e700078672eb),"UNIVERSITE STENDHAL GRENOBLE 3","etablissement","universite-stendhal-grenoble-3","","","",,""
ObjectID(569a23875404e700078672ec),"CENTRE NATIONAL DE LA RECHERCHE SCIENTIFIQUE - CNRS DELEGATION RHONE-AUVERGNE","etablissement","centre-national-de-la-recherche-scientifique-cnrs-delegation-rhone-auvergne","","","",,""
ObjectID(569a23875404e700078672ed),"UNIVERSITE DE SAVOIE","etablissement","universite-de-savoie","","","",,""
ObjectID(569a23875404e700078672ee),"Université Jean Monnet","etablissement","universite-jean-monnet","","","",,""
ObjectID(569a23875404e700078672ef),"ECOLE NATIONALE SUPERIEURE DES SCIENCES DE L'INFORMATION ET DES BIBLIOTHEQUES - ENSSIB","etablissement","ecole-nationale-superieure-des-sciences-de-linformation-et-des-bibliotheques-enssib","","","",,""
ObjectID(569a23875404e700078672f0),"Université Claude Bernard - LYON 1 - UCBL","etablissement","universite-claude-bernard-lyon-1-ucbl","","","",,""
ObjectID(569a23875404e700078672f1),"UNIVERSITE JEAN MOULIN LYON 3","etablissement","universite-jean-moulin-lyon-3","","","",,""
ObjectID(569a23875404e700078672f2),"CENTRE NATIONAL DE LA RECHERCHE SCIENTIFIQUE - CNRS DELEGATION ALPES","etablissement","centre-national-de-la-recherche-scientifique-cnrs-delegation-alpes","","","",,""
ObjectID(569a23875404e700078672f3),"UNIVERSITE JEAN MONNET SAINT ETIENNE","etablissement","universite-jean-monnet-saint-etienne","","","",,""
ObjectID(569a23875404e700078672f4),"ECOLE NORMALE SUPERIEURE DE LYON - ENS LYON","etablissement","ecole-normale-superieure-de-lyon-ens-lyon","","","",,""
ObjectID(569a23875404e700078672f5),"INSTITUT NATIONAL DES SCIENCES APPLIQUEES DE LYON - INSA LYON","etablissement","institut-national-des-sciences-appliquees-de-lyon-insa-lyon","","","",,""
ObjectID(569a23875404e700078672f6),"INSTITUT D'ETUDES POLITIQUES DE GRENOBLE - IEP GRENOBLE","etablissement","institut-detudes-politiques-de-grenoble-iep-grenoble","","","",,""
ObjectID(569a23875404e700078672f7),"UNIVERSITE JOSEPH FOURIER GRENOBLE 1 - UJF","etablissement","universite-joseph-fourier-grenoble-1-ujf","","","",,""
ObjectID(569a23875404e700078672f8),"FROBERT Ludovic","personne","frobert-ludovic","","","",,""
ObjectID(569a23875404e700078672f9),"BELLET Michel","personne","bellet-michel","","","",,""
ObjectID(569a23875404e700078672fa),"LAURICELLA Marie ","personne","lauricella-marie","","","",,""
ObjectID(569a23875404e700078672fb),"PLANTE Christine","personne","plante-christine","","","",,""
ObjectID(569a23875404e700078672fc),"LIRE","personne","lire","","","",,""
ObjectID(569a23875404e700078672fd),"Isabelle Matamoros ","personne","isabelle-matamoros","","","",,""
ObjectID(569a23875404e700078672fe),"LEFORT Isabelle","personne","lefort-isabelle","","","",,""
ObjectID(569a23875404e700078672ff),"GUICHARD Eric","personne","guichard-eric","","","",,""
ObjectID(569a23875404e70007867300),"MORCRETTE Quentin","personne","morcrette-quentin","","","",,""
ObjectID(569a23875404e70007867301),"FLANDRIN Patrick","personne","flandrin-patrick","","","",,""
ObjectID(569a23875404e70007867302),"Robardet Céline, MCF INSA-Lyon","personne","robardet-celine-mcf-insa-lyon","","","",,""
ObjectID(569a23875404e70007867303),"Ronan Hamon","personne","ronan-hamon","","","",,""
ObjectID(569a23875404e70007867304)," ","personne","","","","",,""
ObjectID(569a23875404e70007867305),"Borgnat Pierre, CR CNRS","personne","borgnat-pierre-cr-cnrs","","","",,""
ObjectID(569a23875404e70007867306),"personne-47717","personne","personne-47717","","","",,""
ObjectID(569a23875404e70007867307),"GARCIN-MARROU	 Isabelle ","personne","garcin-marrou-isabelle","","","",,""
ObjectID(569a23875404e70007867308),"RAMPON Jean-Michel","personne","rampon-jean-michel","","","",,""
ObjectID(569a23875404e70007867309),"Mathias VALEX","personne","mathias-valex","","","",,""
ObjectID(569a23875404e7000786730a),"GRANGEAT Michel","personne","grangeat-michel","","","",,""
ObjectID(569a23875404e7000786730b),"Lepareur Céline","personne","lepareur-celine","","","",,""
ObjectID(569a23875404e7000786730c),"Cartellier  Dominique","personne","cartellier-dominique","","","",,""
ObjectID(569a23875404e7000786730d),"Isabelle Pailliart","personne","isabelle-pailliart","","","",,""
ObjectID(569a23875404e7000786730e),"LAVIEC Edith ","personne","laviec-edith","","","",,""
ObjectID(569a23875404e7000786730f),"Tutin  Agnès","personne","tutin-agnes","","","",,""
ObjectID(569a23875404e70007867310),"JACQUES  Marie-Paule","personne","jacques-marie-paule","","","",,""
ObjectID(569a23875404e70007867311),"Sylvain HATIER","personne","sylvain-hatier","","","",,""
ObjectID(569a23875404e70007867312),"ROUX Sophie","personne","roux-sophie","","","",,""
ObjectID(569a23875404e70007867313),"Hector DELGADO FERNÁNDEZ","personne","hector-delgado-fernandez","","","",,""
ObjectID(569a23875404e70007867314),"DROST Vincent","personne","drost-vincent","","","",,""
ObjectID(569a23875404e70007867315),"ESTIOT Sylviane","personne","estiot-sylviane","","","",,""
ObjectID(569a23875404e70007867316),"Dufour Eric","personne","dufour-eric","","","",,""
ObjectID(569a23875404e70007867317),"Médélice Jeanine Elisa ","personne","medelice-jeanine-elisa","","","",,""
ObjectID(569a23875404e70007867318),"D’AMICO Silvia","personne","damico-silvia","","","",,""
ObjectID(569a23875404e70007867319),"BAUDINO
Isabelle","personne","baudino-isabelle","","","",,""
ObjectID(569a23875404e7000786731a),"GUILHEMBET Jean-Pierre ","personne","guilhembet-jean-pierre","","","",,""
ObjectID(569a23875404e7000786731b),"Méaux Danièle","personne","meaux-daniele","","","",,""
ObjectID(569a23875404e7000786731c),"Bogalska-Martin Ewa","personne","bogalska-martin-ewa","","","",,""
ObjectID(569a23875404e7000786731d),"RÉGNIER Philippe","personne","regnier-philippe","","","",,""
ObjectID(569a23875404e7000786731e),"VIALLON Marie","personne","viallon-marie","","","",,""
ObjectID(569a23875404e7000786731f),"MAGUÉ Jean-Philippe","personne","mague-jean-philippe","","","",,""
ObjectID(569a23875404e70007867320),"Volpilhac-Auger  Catherine","personne","volpilhac-auger-catherine","","","",,""
ObjectID(569a23875404e70007867321),"FILI TULLON Touriya ","personne","fili-tullon-touriya","","","",,""
ObjectID(569a23875404e70007867322),"LEBARBE Thomas","personne","lebarbe-thomas","","","",,""
ObjectID(569a23875404e70007867323),"MERCKLE Pierre","personne","merckle-pierre","","","",,""
ObjectID(569a23875404e70007867324),"Jensen Pablo","personne","jensen-pablo","","","",,""
ObjectID(569a23875404e70007867325),"VERNANT Denis","personne","vernant-denis","","","",,""
ObjectID(569a23875404e70007867326),"CITTON Yves","personne","citton-yves","","","",,""
ObjectID(569a23875404e70007867327),"GOFFETTE Jérôme","personne","goffette-jerome","","","",,""
ObjectID(569a23875404e70007867328),"NGUYEN  Céline","personne","nguyen-celine","","","",,""
ObjectID(569a23875404e70007867329),"BORDEAUX Marie-Christine ","personne","bordeaux-marie-christine","","","",,""
ObjectID(569a23875404e7000786732a),"ROY  Jean-Michel","personne","roy-jean-michel","","","",,""
ObjectID(569a23875404e7000786732b),"Reboul Anne","personne","reboul-anne","","","",,""
ObjectID(569a23875404e7000786732c),"SIMON Jonathan","personne","simon-jonathan","","","",,""
ObjectID(569a23875404e7000786732d),"HENRICH Nathalie","personne","henrich-nathalie","","","",,""
ObjectID(569a23875404e7000786732e),"BARA Olivier","personne","bara-olivier","","","",,""
ObjectID(569a23875404e7000786732f),"personne-46008","personne","personne-46008","","","",,""
ObjectID(569a23875404e70007867330),"LETOUBLON   Françoise","personne","letoublon-francoise","","","",,""
ObjectID(569a23875404e70007867331),"personne-95103","personne","personne-95103","","","",,""
ObjectID(569a23875404e70007867332),"BERTRAND  Gilles","personne","bertrand-gilles","","","",,""
ObjectID(569a23875404e70007867333),"BESSON Grégoire","personne","besson-gregoire","","","",,""
ObjectID(569a23875404e70007867334),"RAUTENBERG Michel","personne","rautenberg-michel","","","",,""
ObjectID(569a23875404e70007867335),"personne-10370","personne","personne-10370","","","",,""
ObjectID(569a23875404e70007867336),"MATHIEU Lilian","personne","mathieu-lilian","","","",,""
ObjectID(569a23875404e70007867337),"Thèse annulée : le doctorant n'a pas pu être recruté","personne","these-annulee-le-doctorant-na-pas-pu-etre-recrute","","","",,""
ObjectID(569a23875404e70007867338),"HOURS  Bernard","personne","hours-bernard","","","",,""
ObjectID(569a23875404e70007867339),"LETRICOT  Rosemonde","personne","letricot-rosemonde","","","",,""
ObjectID(569a23875404e7000786733a),"CHEVROT  Jean-Pierre","personne","chevrot-jean-pierre","","","",,""
ObjectID(569a23875404e7000786733b),"Bardet, Julie","personne","bardet-julie","","","",,""
ObjectID(569a23875404e7000786733c),"Adrien LUTZ","personne","adrien-lutz","","","",,""
ObjectID(569a23875404e7000786733d),"CALABRETTO  Sylvie","personne","calabretto-sylvie","","","",,""
ObjectID(569a23875404e7000786733e),"Vincent Barrellon","personne","vincent-barrellon","","","",,""
ObjectID(569a23875404e7000786733f),"DARMONT  Jérôme","personne","darmont-jerome","","","",,""
ObjectID(569a23875404e70007867340),"Aubuke OZTÜRK","personne","aubuke-ozturk","","","",,""
ObjectID(569a23875404e70007867341),"TROMPETTE Pascale ","personne","trompette-pascale","","","",,""
ObjectID(569a23875404e70007867342),"personne-15207","personne","personne-15207","","","",,""
ObjectID(569a23875404e70007867343),"De VRIES  Erica","personne","de-vries-erica","","","",,""
ObjectID(569a23875404e70007867344),"Martin Galilée","personne","martin-galilee","","","",,""
ObjectID(569a23875404e70007867345),"BRISSAUD  Catherine","personne","brissaud-catherine","","","",,""
ObjectID(569a23875404e70007867346),"GAUDEZ Florent ","personne","gaudez-florent","","","",,""
ObjectID(569a23875404e70007867347),"PUTHOD Dominique","personne","puthod-dominique","","","",,""
ObjectID(569a23875404e70007867348),"CIAVALDINI RIVIERE Laurence","personne","ciavaldini-riviere-laurence","","","",,""
ObjectID(569a23875404e70007867349),"CHEVALIER Yannick ","personne","chevalier-yannick","","","",,""
ObjectID(569a23875404e7000786734a),"RUSET  Séverine","personne","ruset-severine","","","",,""
ObjectID(569a23875404e7000786734b),"GIRARD Pierre","personne","girard-pierre","","","",,""
ObjectID(569a23875404e7000786734c),"ABECASSIS  Frédéric","personne","abecassis-frederic","","","",,""
ObjectID(569a23875404e7000786734d),"CROISSANT Valérie","personne","croissant-valerie","","","",,""
ObjectID(569a23875404e7000786734e),"LOLIVE Jacques","personne","lolive-jacques","","","",,""
ObjectID(569a23875404e7000786734f),"BONAMY Robert","personne","bonamy-robert","","","",,""
ObjectID(569a23875404e70007867350),"GEDEON Laurent","personne","gedeon-laurent","","","",,""
ObjectID(569a23875404e70007867351),"DEPAU Giovanni","personne","depau-giovanni","","","",,""
ObjectID(569a23875404e70007867352),"GIRARD Jean Pierre","personne","girard-jean-pierre","","","",,""
ObjectID(569a23875404e70007867353),"EPRON  Benoît ","personne","epron-benoit","","","",,""
ObjectID(569a23875404e70007867354),"TOLAZZI Sandrine","personne","tolazzi-sandrine","","","",,""
ObjectID(569a23875404e70007867355),"GANDIT  Michèle","personne","gandit-michele","","","",,""
ObjectID(569a23875404e70007867356),"BASTIN-HAMMOU  Malika","personne","bastin-hammou-malika","","","",,""
ObjectID(569a23875404e70007867357),"BAREL-MOISAN Claire","personne","barel-moisan-claire","","","",,""
ObjectID(569a23875404e70007867358),"OLIVIER Claudine","personne","olivier-claudine","","","",,""
ObjectID(569a23875404e70007867359),"CHENE Aurélie","personne","chene-aurelie","","","",,""
ObjectID(569a23875404e7000786735a),"MARA. Monnaie antique en Rhône-Alpes : du document monétaire à son exploitation ","projet","mara-monnaie-antique-en-rhone-alpes-du-document-monetaire-a-son-exploitation","MMAERNADDMTSE","2016-01-15T23:00:00.000Z","2016-01-15T23:00:00.000Z",1,""
ObjectID(569a23875404e7000786735b),"La réprésentation de la norme en Allemagne : de la pensée au cinéma","projet","la-representation-de-la-norme-en-allemagne-de-la-pensee-au-cinema","LRPSDLNEADLPEACM","2016-01-15T23:00:00.000Z","2016-01-15T23:00:00.000Z",1,""
ObjectID(569a23875404e7000786735c),"Inventaire toponymique du massif de la Chartreuse","projet","inventaire-toponymique-du-massif-de-la-chartreuse","ITDMDLC","2016-01-15T23:00:00.000Z","2016-01-15T23:00:00.000Z",,""
ObjectID(569a23875404e7000786735d),"Le livre italien à Lyon au XVIe siècle","projet","le-livre-italien-a-lyon-au-xvie-siecle","LLILAXSC","2016-01-15T23:00:00.000Z","2016-01-15T23:00:00.000Z",1,""
ObjectID(569a23875404e7000786735e),"Les voyageuses britanniques à Lyon au XVIIIe siècle : regards sur une ville en mutation ","projet","les-voyageuses-britanniques-a-lyon-au-xviiie-siecle-regards-sur-une-ville-en-mutation","LVBLAXSCRSUVEM","2016-01-15T23:00:00.000Z","2016-01-15T23:00:00.000Z",1,""
ObjectID(569a23875404e7000786735f),"Aux origines des cultures urbaines : les langages de la ville antique  ","projet","aux-origines-des-cultures-urbaines-les-langages-de-la-ville-antique","AODCULLDLVA","2016-01-15T23:00:00.000Z","2016-01-15T23:00:00.000Z",,""
ObjectID(569a23875404e70007867360),"Étude et valorisation du Fonds Paul-Martial (1927-1960)","projet","etude-et-valorisation-du-fonds-paul-martial-1927-1960","TEVDFPM11","2016-01-15T23:00:00.000Z","2016-01-15T23:00:00.000Z",1,""
ObjectID(569a23875404e70007867361),"Groupe de travail et colloque international : « Itinéraires de Reconnaissance. Espaces culturels et aspirations minoritaires »","projet","groupe-de-travail-et-colloque-international-itineraires-de-reconnaissance-espaces-culturels-et-aspirations-minoritaires","GDTECIIRDRECEAM","2016-01-15T23:00:00.000Z","2016-01-15T23:00:00.000Z",1,""
ObjectID(569a23875404e70007867362),"Saint-Simon et les saint-simoniens : questions d’économie, d’histoire et de littérature","projet","saint-simon-et-les-saint-simoniens-questions-deconomie-dhistoire-et-de-litterature","SSELSSQDCDHEDLR","2016-01-15T23:00:00.000Z","2016-01-15T23:00:00.000Z",1,""
ObjectID(569a23875404e70007867363),"CORrespondance de Paolo SARpi  ","projet","correspondance-de-paolo-sarpi","CDPS","2016-01-15T23:00:00.000Z","2016-01-15T23:00:00.000Z",,""
ObjectID(569a23875404e70007867364),"Atelier Internet Lyonnais (AIL)  ","projet","atelier-internet-lyonnais-ail","AILA","2016-01-15T23:00:00.000Z","2016-01-15T23:00:00.000Z",,""
ObjectID(569a23875404e70007867365)," MutEC : Mutualisation de pratiques pour les corpus et les éditions critiques numériques","projet","mutec-mutualisation-de-pratiques-pour-les-corpus-et-les-editions-critiques-numeriques","MMDPPLCELDCNR","2016-01-15T23:00:00.000Z","2016-01-15T23:00:00.000Z",2,""
ObjectID(569a23875404e70007867366),"Les Pensées de Montesquieu, centre intellectuel des Lumières","projet","les-pensees-de-montesquieu-centre-intellectuel-des-lumieres","LPEDMCIDLR","2016-01-15T23:00:00.000Z","2016-01-15T23:00:00.000Z",2,""
ObjectID(569a23875404e70007867367),"L’e-culture en partage  ","projet","le-culture-en-partage","LECEP","2016-01-15T23:00:00.000Z","2016-01-15T23:00:00.000Z",,""
ObjectID(569a23875404e70007867368),"CLELIA 2 : du fonds de manuscrits de Stendhal à d'autres corpus rhône-alpins, valorisation d'une mémoire culturelle collective par l’édition électronique. ","projet","clelia-2-du-fonds-de-manuscrits-de-stendhal-a-dautres-corpus-rhone-alpins-valorisation-dune-memoire-culturelle-collective-par-ledition-electronique","C2DFDMDSDACRNAVDUMMCCPLDL","2016-01-15T23:00:00.000Z","2016-01-15T23:00:00.000Z",2,""
ObjectID(569a23875404e70007867369),"SOCIO  ","projet","socio","S","2016-01-15T23:00:00.000Z","2016-01-15T23:00:00.000Z",,""
ObjectID(569a23875404e7000786736a),"Modélisation participative des grandes bases de données sociales","projet","modelisation-participative-des-grandes-bases-de-donnees-sociales","MLPDGBDDES","2016-01-15T23:00:00.000Z","2016-01-15T23:00:00.000Z",2,""
ObjectID(569a23875404e7000786736b),"Approche pluridisciplinaire de l’interaction personne-robot  ","projet","approche-pluridisciplinaire-de-linteraction-personne-robot","APDLIPR","2016-01-15T23:00:00.000Z","2016-01-15T23:00:00.000Z",,""
ObjectID(569a23875404e7000786736c),"Economie de l’attention et enchantements médiatiques","projet","economie-de-lattention-et-enchantements-mediatiques","EDLAEEMD","2016-01-15T23:00:00.000Z","2016-01-15T23:00:00.000Z",3,""
ObjectID(569a23875404e7000786736d),"Human enhancement' et anthropotechnie : entre réalité et fiction","projet","human-enhancement-et-anthropotechnie-entre-realite-et-fiction","HEEAERAEF","2016-01-15T23:00:00.000Z","2016-01-15T23:00:00.000Z",3,""
ObjectID(569a23875404e7000786736e),"Science et technique en fictions, quels regards portés par les jeunes ?","projet","science-et-technique-en-fictions-quels-regards-portes-par-les-jeunes","SETEFQRPSPLJ","2016-01-15T23:00:00.000Z","2016-01-15T23:00:00.000Z",3,""
ObjectID(569a23875404e7000786736f),"Les nouvelles formes de la communication et de la culture scientifiques et techniques  ","projet","les-nouvelles-formes-de-la-communication-et-de-la-culture-scientifiques-et-techniques","LNFDLCEDLCSET","2016-01-15T23:00:00.000Z","2016-01-15T23:00:00.000Z",,""
ObjectID(569a23875404e70007867370),"Les formes du débat. Querelles, polémiques et controverses à l’âge classique","projet","les-formes-du-debat-querelles-polemiques-et-controverses-a-lage-classique","LFDDBQPMECLGC","2016-01-15T23:00:00.000Z","2016-01-15T23:00:00.000Z",3,""
ObjectID(569a23875404e70007867371),"Vers une théorie des concepts : l'apport des sciences cognitives","projet","vers-une-theorie-des-concepts-lapport-des-sciences-cognitives","VUTODCLADSC","2016-01-15T23:00:00.000Z","2016-01-15T23:00:00.000Z",3,""
ObjectID(569a23875404e70007867372),"Des nouvelles disciplines scientifiques – exemples et leçons.","projet","des-nouvelles-disciplines-scientifiques-exemples-et-lecons","DNDSEELO","2016-01-15T23:00:00.000Z","2016-01-15T23:00:00.000Z",3,""
ObjectID(569a23875404e70007867373),"Atelier Sciences et voix (ASV)  ","projet","atelier-sciences-et-voix-asv","ASEVA","2016-01-15T23:00:00.000Z","2016-01-15T23:00:00.000Z",,""
ObjectID(569a23875404e70007867374),"Epistêknê - Projet d’animation en vue de la création d’un GDR-CNRS Autour des processus de création-production dans les rapports Arts-Sciences-Techniques","projet","epistekne-projet-danimation-en-vue-de-la-creation-dun-gdr-cnrs-autour-des-processus-de-creation-production-dans-les-rapports-arts-sciences-techniques","EKPDAEVDLCADUGCADPDCAPDLRAST","2016-01-15T23:00:00.000Z","2016-01-15T23:00:00.000Z",1,""
ObjectID(569a23875404e70007867375),"Le livre à Lyon à la Renaissance","projet","le-livre-a-lyon-a-la-renaissance","LLLLR","2016-01-15T23:00:00.000Z","2016-01-15T23:00:00.000Z",1,""
ObjectID(569a23875404e70007867376),"Cinéma d'animation : un héritage en partage","projet","cinema-danimation-un-heritage-en-partage","CMDAUHREP","2016-01-15T23:00:00.000Z","2016-01-15T23:00:00.000Z",1,""
ObjectID(569a23875404e70007867377),"Le monastère royal de Brou : un foyer d'art international au temps des renaissances","projet","le-monastere-royal-de-brou-un-foyer-dart-international-au-temps-des-renaissances","LMRRDBUFDAIATDR","2016-01-15T23:00:00.000Z","2016-01-15T23:00:00.000Z",1,""
ObjectID(569a23875404e70007867378),"Les langues et le genre (grammaires, cultures, littératures)","projet","les-langues-et-le-genre-grammaires-cultures-litteratures","LLELGGCLR","2016-01-15T23:00:00.000Z","2016-01-15T23:00:00.000Z",1,""
ObjectID(569a23875404e70007867379),"« Itinéraires de reconnaissance, espaces culturels et aspirations minoritaires »","projet","itineraires-de-reconnaissance-espaces-culturels-et-aspirations-minoritaires","IRDRECEAM","2016-01-15T23:00:00.000Z","2016-01-15T23:00:00.000Z",1,""
ObjectID(569a23875404e7000786737a),"""Nouvelles"" organisations du travail en compagnie : quelles possibilités pour le spectacle vivant ?","projet","nouvelles-organisations-du-travail-en-compagnie-quelles-possibilites-pour-le-spectacle-vivant","NODTECQPSPLSV","2016-01-15T23:00:00.000Z","2016-01-15T23:00:00.000Z",1,""
ObjectID(569a23875404e7000786737b),"L'Europe des controverses à l'âge classique. Radicalité et circulation des idées en Europe (XVIIe-XVIIIe siècles)","projet","leurope-des-controverses-a-lage-classique-radicalite-et-circulation-des-idees-en-europe-xviie-xviiie-siecles","LEDCLGCRECDIEEEXXSC","2016-01-15T23:00:00.000Z","2016-01-15T23:00:00.000Z",1,""
ObjectID(569a23875404e7000786737c),"Séminaire : Ecrire les modernités arabes","projet","seminaire-ecrire-les-modernites-arabes","SMELMSA","2016-01-15T23:00:00.000Z","2016-01-15T23:00:00.000Z",1,""
ObjectID(569a23875404e7000786737d),"Prescription et recommandation culturelles à l'ère numérique","projet","prescription-et-recommandation-culturelles-a-lere-numerique","PERCLRNR","2016-01-15T23:00:00.000Z","2016-01-15T23:00:00.000Z",1,""
ObjectID(569a23875404e7000786737e),"Esthétisation de l'espace public et tournant culturel des métropoles (ESTHER)","projet","esthetisation-de-lespace-public-et-tournant-culturel-des-metropoles-esther","ETDLEPETCDMTE","2016-01-15T23:00:00.000Z","2016-01-15T23:00:00.000Z",1,""
ObjectID(569a23875404e7000786737f),"Archives cinématographiques en Rhône-Alpes : entre documents et création","projet","archives-cinematographiques-en-rhone-alpes-entre-documents-et-creation","ACMERNAEDECA","2016-01-15T23:00:00.000Z","2016-01-15T23:00:00.000Z",1,""
ObjectID(569a23875404e70007867380),"Cholon 2014 : Visualisation de la sauvegarde du patrimoine d’un quartier d’Ho Chi Minh-Ville","projet","cholon-2014-visualisation-de-la-sauvegarde-du-patrimoine-dun-quartier-dho-chi-minh-ville","C2VDLSDPDUQDHCMV","2016-01-15T23:00:00.000Z","2016-01-15T23:00:00.000Z",,""
ObjectID(569a23875404e70007867381),"« Les voyageuses britanniques à Lyon au XVIIIe siècle : regards sur une ville en mutation » (2ème partie) ","projet","les-voyageuses-britanniques-a-lyon-au-xviiie-siecle-regards-sur-une-ville-en-mutation-2eme-partie","LVBLAXSCRSUVEM2MP","2016-01-15T23:00:00.000Z","2016-01-15T23:00:00.000Z",1,""
ObjectID(569a23875404e70007867382),"Conscience linguistique et pluralité de langues dans l'arc alpin : langue régionales, nationales, internationales","projet","conscience-linguistique-et-pluralite-de-langues-dans-larc-alpin-langue-regionales-nationales-internationales","CLEPDLDLAALRGNI","2016-01-15T23:00:00.000Z","2016-01-15T23:00:00.000Z",1,""
ObjectID(569a23875404e70007867383),"Valorisation multi-facettes d'inscriptions antiques : épigraphie et médiations numériques","projet","valorisation-multi-facettes-dinscriptions-antiques-epigraphie-et-mediations-numeriques","VMFDIAPEMDNR","2016-01-15T23:00:00.000Z","2016-01-15T23:00:00.000Z",2,""
ObjectID(569a23875404e70007867384),"L'offre de livres numériques à destination des bibliothèques de lecture publique","projet","loffre-de-livres-numeriques-a-destination-des-bibliotheques-de-lecture-publique","LODLNRDDBQDLP","2016-01-15T23:00:00.000Z","2016-01-15T23:00:00.000Z",2,""
ObjectID(569a23875404e70007867385),"Chaînes Editoriales Patrimoniales : Corpus Electroniques et Papier (CEP2)","projet","chaines-editoriales-patrimoniales-corpus-electroniques-et-papier-cep2","CNEPCEEPC","2016-01-15T23:00:00.000Z","2016-01-15T23:00:00.000Z",2,""
ObjectID(569a23875404e70007867386),"Les nouvelles formes de la communication et de la culture scientifiques et techniques (2e volet)","projet","les-nouvelles-formes-de-la-communication-et-de-la-culture-scientifiques-et-techniques-2e-volet","LNFDLCEDLCSET2V","2016-01-15T23:00:00.000Z","2016-01-15T23:00:00.000Z",3,""
ObjectID(569a23875404e70007867387),"Neuroéthique et Philosophie","projet","neuroethique-et-philosophie","NTEP","2016-01-15T23:00:00.000Z","2016-01-15T23:00:00.000Z",3,""
ObjectID(569a23875404e70007867388),"Le développement des ressources minières dans les Amériques : mutations d'un continent (Projet également déposé dans le cadre de l'ARC 3) ","projet","le-developpement-des-ressources-minieres-dans-les-ameriques-mutations-dun-continent-projet-egalement-depose-dans-le-cadre-de-larc-3","LDVDRMRDLARMDUCPGDPDLCDLA3","2016-01-15T23:00:00.000Z","2016-01-15T23:00:00.000Z",3,""
ObjectID(569a23875404e70007867389),"Modéliser en classe : défis scientifiques, enjeux pratiques","projet","modeliser-en-classe-defis-scientifiques-enjeux-pratiques","MLECDFSEP","2016-01-15T23:00:00.000Z","2016-01-15T23:00:00.000Z",3,""
ObjectID(569a23875404e7000786738a),"Fabula agitur! Théâtre et apprentissage des langues anciennes","projet","fabula-agitur-theatre-et-apprentissage-des-langues-anciennes","FATTEADLA","2016-01-15T23:00:00.000Z","2016-01-15T23:00:00.000Z",3,""
ObjectID(569a23875404e7000786738b),"La naissance d'un genre : le roman d'anticipation au tournant du XIXe siècle (1860-1930)","projet","la-naissance-dun-genre-le-roman-danticipation-au-tournant-du-xixe-siecle-1860-1930","LNDUGLRDAATDXSC11","2016-01-15T23:00:00.000Z","2016-01-15T23:00:00.000Z",3,""
ObjectID(569a23875404e7000786738c),"Voix-Corps-Langage, bien-être Homme/Animal, médiation et apprentissage","projet","voix-corps-langage-bien-etre-homme-animal-mediation-et-apprentissage","VCLBTHAMDEA","2016-01-15T23:00:00.000Z","2016-01-15T23:00:00.000Z",3,""
ObjectID(569a23875404e7000786738d),"Une approche communicationelle de l'activité physique : médiation scientifique numérique et santé publique","projet","une-approche-communicationelle-de-lactivite-physique-mediation-scientifique-numerique-et-sante-publique","UACDLAPMDSNRESP","2016-01-15T23:00:00.000Z","2016-01-15T23:00:00.000Z",3,""
ObjectID(569a23875404e7000786738e),"Naissance et premiers développements des écoles d’économie politique chrétienne (France, 1815-1851 )","these","naissance-et-premiers-developpements-des-ecoles-deconomie-politique-chretienne-france-1815-1851","NEPDVDCDCPCTF11","2011-12-31T23:00:00.000Z","2016-01-15T23:00:00.000Z",1,"http://arcs.test/bdd/these/naissance-et-premiers-developpements-des-ecoles-deconomie-politique-chretienne-france-1815-1851/"
ObjectID(569a23875404e7000786738f),"Pratiques et représentations féminines de la lecture (1830-1848)","these","pratiques-et-representations-feminines-de-la-lecture-1830-1848","PERSFMDLL11","2011-12-31T23:00:00.000Z","2016-01-15T23:00:00.000Z",1,"http://arcs.test/bdd/these/pratiques-et-representations-feminines-de-la-lecture-1830-1848/"
ObjectID(569a23875404e70007867390),"Réflexion sémantique et esthétique autour des usages cartographiques. XVII-XXIe. Pratiques culturelles croisées","these","reflexion-semantique-et-esthetique-autour-des-usages-cartographiques-xvii-xxie-pratiques-culturelles-croisees","RFSMEETADUCXXPCCE","2011-12-31T23:00:00.000Z","2016-01-15T23:00:00.000Z",2,"http://arcs.test/bdd/these/reflexion-semantique-et-esthetique-autour-des-usages-cartographiques-xvii-xxie-pratiques-culturelles-croisees/"
ObjectID(569a23875404e70007867391),"""PROJET INTER-ARC Analyse de graphes dynamiques : application aux données Vélo'V Inter-arc  ARC 6.  TIC  et usages informatiques innovants  ""","these","projet-inter-arc-analyse-de-graphes-dynamiques-application-aux-donnees-velov-inter-arc-arc-6-tic-et-usages-informatiques-innovants","PIAADGDAADEVLVIAA6TEUII","2016-01-15T23:00:00.000Z","2016-01-15T23:00:00.000Z",,""
ObjectID(569a23875404e70007867392),"personne-78743","personne","personne-78743","","","",,""
ObjectID(569a23875404e70007867393),"etablissement-74730","etablissement","etablissement-74730","","","",,""
ObjectID(569a23875404e70007867394),"ecole-doctorale-61772","ecole-doctorale","ecole-doctorale-61772","","","",,""
ObjectID(569a23875404e70007867395),"Mémoires et identités urbaines : le patrimoine industriel entre oubli et valorisation","these","memoires-et-identites-urbaines-le-patrimoine-industriel-entre-oubli-et-valorisation","MMEISULPIEOEV","2011-12-31T23:00:00.000Z","2016-01-15T23:00:00.000Z",3,"http://arcs.test/bdd/these/memoires-et-identites-urbaines-le-patrimoine-industriel-entre-oubli-et-valorisation/"
ObjectID(569a23875404e70007867396),"L évaluation des acquisitions des élèves dans les démarches d investigation :  Jeux entre évaluations formatives et autorégulation des apprentissages.","these","l-evaluation-des-acquisitions-des-eleves-dans-les-demarches-d-investigation-jeux-entre-evaluations-formatives-et-autoregulation-des-apprentissages","LVDADLVDLDMDIJEVFEAGDA","2011-12-31T23:00:00.000Z","2014-12-31T23:00:00.000Z",3,""
ObjectID(569a23875404e70007867397),"Enjeux territoriaux de la communication scientifique : évolutions et nouvelles formes  de l édition scientifique d ouvrages","these","enjeux-territoriaux-de-la-communication-scientifique-evolutions-et-nouvelles-formes-de-l-edition-scientifique-d-ouvrages","ETDLCSVENFDLDSDO","2011-12-31T23:00:00.000Z","2016-01-15T23:00:00.000Z",3,"http://arcs.test/bdd/these/enjeux-territoriaux-de-la-communication-scientifique-evolutions-et-nouvelles-formes-de-l-edition-scientifique-d-ouvrages/"
ObjectID(569a23875404e70007867398),"Extraction et catégorisation de lexiques transdisciplinaires d articles scientifiques de sciences humaines en vue de l indexation automatique","these","extraction-et-categorisation-de-lexiques-transdisciplinaires-d-articles-scientifiques-de-sciences-humaines-en-vue-de-l-indexation-automatique","EECGDLTDASDSHEVDLIA","2011-12-31T23:00:00.000Z","2014-12-31T23:00:00.000Z",3,""
ObjectID(569a23875404e70007867399),"Enjeux intellectuels et sociaux d une controverse en histoire des sciences et/ou en histoire de la philosophie (fin XVIe siècle - début XVIIIe siècle)","these","enjeux-intellectuels-et-sociaux-d-une-controverse-en-histoire-des-sciences-et-ou-en-histoire-de-la-philosophie-fin-xvie-siecle-debut-xviiie-siecle","EIESDUCEHDSEOEHDLPFXSCDBXSC","2011-12-31T23:00:00.000Z","2014-12-31T23:00:00.000Z",3,""
ObjectID(569a23875404e7000786739a),"Sciences, techniques et esthétiques de l'éclairage sur les scènes parisiennes et lyonnaises, du théâtre romantique au premier cinéma.","these","sciences-techniques-et-esthetiques-de-leclairage-sur-les-scenes-parisiennes-et-lyonnaises-du-theatre-romantique-au-premier-cinema","STEETDLCSLSNPELDTTRAPCM","2016-01-15T23:00:00.000Z","2016-01-15T23:00:00.000Z",1,""
ObjectID(569a23875404e7000786739b),"personne-83438","personne","personne-83438","","","",,""
ObjectID(569a23875404e7000786739c),"Mythes et idéologies chez Homère et dans la poésie post-homérique","these","mythes-et-ideologies-chez-homere-et-dans-la-poesie-post-homerique","MEIOCHREDLPSPHR","2016-01-15T23:00:00.000Z","2016-01-15T23:00:00.000Z",1,"http://arcs.test/bdd/these/mythes-et-ideologies-chez-homere-et-dans-la-poesie-post-homerique/"
ObjectID(569a23875404e7000786739d),"personne-81814","personne","personne-81814","","","",,""
ObjectID(569a23875404e7000786739e),"ecole-doctorale-93113","ecole-doctorale","ecole-doctorale-93113","","","",,""
ObjectID(569a23875404e7000786739f),"Le temps du voyage : rythmes et perception de la durée dans les pratiques du voyage en Europe entre Lumières et romantisme (18e siècle-milieu 19e siècle)","these","le-temps-du-voyage-rythmes-et-perception-de-la-duree-dans-les-pratiques-du-voyage-en-europe-entre-lumieres-et-romantisme-18e-siecle-milieu-19e-siecle","LTDVREPDLDEDLPDVEEELRER1SCM1SC","2016-01-15T23:00:00.000Z","2016-01-15T23:00:00.000Z",1,""
ObjectID(569a23875404e700078673a0),"Elaboration d&rsquo;une mémoire collective chez les réfugiés du génocide rwandais et de ses suites (1994-1997) : du trauma à l&rsquo;insertion en Rhône-Alpes","these","elaboration-dune-memoire-collective-chez-les-refugies-du-genocide-rwandais-et-de-ses-suites-1994-1997-du-trauma-a-linsertion-en-rhone-alpes","EDRUMMCCLRFSDGNREDSS11DTLRIERNA","2012-12-31T23:00:00.000Z","2016-01-15T23:00:00.000Z",1,"http://arcs.test/bdd/these/elaboration-dune-memoire-collective-chez-les-refugies-du-genocide-rwandais-et-de-ses-suites-1994-1997-du-trauma-a-linsertion-en-rhone-alpes/"
ObjectID(569a23875404e700078673a1),"personne-89606","personne","personne-89606","","","",,""
ObjectID(569a23875404e700078673a2),"ecole-doctorale-91153","ecole-doctorale","ecole-doctorale-91153","","","",,""
ObjectID(569a23875404e700078673a3),"Les mobilisations patrimoniales et leurs enjeux au sein de l&rsquo;extrême droite groupusculaire rhône-alpine","these","les-mobilisations-patrimoniales-et-leurs-enjeux-au-sein-de-lextreme-droite-groupusculaire-rhone-alpine","LMPELEASDLREMDGRNA","2016-01-15T23:00:00.000Z","2016-01-15T23:00:00.000Z",1,"http://arcs.test/bdd/these/les-mobilisations-patrimoniales-et-leurs-enjeux-au-sein-de-lextreme-droite-groupusculaire-rhone-alpine/"
ObjectID(569a23875404e700078673a4),"Le Journal de Lyon de Léonard Michon, notable lyonnais (1675-1746). Édition numérique critique","these","le-journal-de-lyon-de-leonard-michon-notable-lyonnais-1675-1746-edition-numerique-critique","LJDLDLOMNL11DNRC","2016-01-15T23:00:00.000Z","2016-01-15T23:00:00.000Z",1,""
ObjectID(569a23875404e700078673a5),"Genre et groupe social : approche développementale de la construction précoce de l'identité sociolinguistique dans les interactions parents-enfants","these","genre-et-groupe-social-approche-developpementale-de-la-construction-precoce-de-lidentite-sociolinguistique-dans-les-interactions-parents-enfants","GEGSADVDLCPCDLISDLIPE","2016-01-15T23:00:00.000Z","2016-01-15T23:00:00.000Z",1,""
ObjectID(569a23875404e700078673a6),"Les principes de justice dans l'économie saint-simonienne : un éclairage actuel sur les « socialismes ».","these","les-principes-de-justice-dans-leconomie-saint-simonienne-un-eclairage-actuel-sur-les-socialismes","LPDJDLCSSUCASLS","2016-01-15T23:00:00.000Z","2016-01-15T23:00:00.000Z",1,""
ObjectID(569a23875404e700078673a7),"Une approche générique pour la construction d&rsquo;éditions critiques électroniques de corpus documentaires multistructurés","these","une-approche-generique-pour-la-construction-deditions-critiques-electroniques-de-corpus-documentaires-multistructures","UAGNRPLCDRDCLDCDMS","2012-12-31T23:00:00.000Z","2016-01-15T23:00:00.000Z",2,"http://arcs.test/bdd/these/une-approche-generique-pour-la-construction-deditions-critiques-electroniques-de-corpus-documentaires-multistructures/"
ObjectID(569a23875404e700078673a8),"Élaboration, mise en oeuvre et exploitation d'un modèle de description d'objets archéologiques complexes : le projet céramique 3.0","these","elaboration-mise-en-oeuvre-et-exploitation-dun-modele-de-description-dobjets-archeologiques-complexes-le-projet-ceramique-3-0","LMEOEEDUMLDDDOAOCLPCR30","2016-01-15T23:00:00.000Z","2016-01-15T23:00:00.000Z",2,""
ObjectID(569a23875404e700078673a9),"La médiatisation des techniques financières en France et en Grande-Bretagne depuis 1987","these","la-mediatisation-des-techniques-financieres-en-france-et-en-grande-bretagne-depuis-1987","LMDDTFREFEEGBD1","2016-01-15T23:00:00.000Z","2016-01-15T23:00:00.000Z",3,""
ObjectID(569a23875404e700078673aa),"personne-62913","personne","personne-62913","","","",,""
ObjectID(569a23875404e700078673ab),"Appropriation et traitement cognitif de représentations externes émergentes : paradoxe représentationnel et prise en compte de la spécificité du domaine d'application","these","appropriation-et-traitement-cognitif-de-representations-externes-emergentes-paradoxe-representationnel-et-prise-en-compte-de-la-specificite-du-domaine-dapplication","AETCDRSEMPRSEPECDLSCDDDA","2016-01-15T23:00:00.000Z","2016-01-15T23:00:00.000Z",3,""
ObjectID(569a23875404e700078673ac),"Initiation scientifique en CP et en CE1 et apprentissages langagiers : quelles pratiques efficaces pour les élèves provenant de milieux défavorisés ?","these","initiation-scientifique-en-cp-et-en-ce1-et-apprentissages-langagiers-quelles-pratiques-efficaces-pour-les-eleves-provenant-de-milieux-defavorises","ISECEECEALQPEPLLVPDMDFS","2016-01-15T23:00:00.000Z","2016-01-15T23:00:00.000Z",3,""
ObjectID(569a23875404e700078673ad),"personne-44042","personne","personne-44042","","","",,""
ObjectID(569a23875404e700078673ae),"Archives départementales de la Loire","partenaire","archives-dpartementales-de-la-loire","","","",,""
ObjectID(569a23875404e700078673af),"Étude et valorisation du Fonds Paul-Martial (1927-1960)  ","projet","tude-et-valorisation-du-fonds-paul-martial-1927-1960","TEVDFPM11","2016-01-15T23:00:00.000Z","2016-01-15T23:00:00.000Z",,""
ObjectID(569a23875404e700078673b0),"Méaux Danièle","personne","maux-danile","","","",,""
ObjectID(569a23875404e700078673b1),"Saint-Étienne","ville","saint-tienne","","","",,""
ObjectID(569a23875404e700078673b2),"Académie de Savoie","partenaire","acadmie-de-savoie","","","",,""
ObjectID(569a23875404e700078673b3),"CLELIA 2 : du fonds de manuscrits de Stendhal à d’autres corpus rhône-alpins, valorisation d’une mémoire culturelle collective par l’édition électronique.  ","projet","clelia-2-du-fonds-de-manuscrits-de-stendhal-dautres-corpus-rhne-alpins-valorisation-dune-mmoire-culturelle-collective-par-ldition-lectronique","C2DFDMDSDACRNAVDUMMCCPLDL","2016-01-15T23:00:00.000Z","2016-01-15T23:00:00.000Z",,""
ObjectID(569a23875404e700078673b4),"LEBARBÉ Thomas","personne","lebarb-thomas","","","",,""
ObjectID(569a23875404e700078673b5),"Chambéry","ville","chambry","","","",,""
ObjectID(569a23875404e700078673b6),"Chaînes Éditoriales Patrimoniales : Corpus Électroniques et Papier (CEP2)","projet","chanes-ditoriales-patrimoniales-corpus-lectroniques-et-papier-cep2","CNDPCLEPC","2016-01-15T23:00:00.000Z","2016-01-15T23:00:00.000Z",,""
ObjectID(569a23875404e700078673b7),"ACSE","partenaire","acse","","","",,""
ObjectID(569a23875404e700078673b8),"Groupe de travail et colloque international : « Itinéraires de Reconnaissance. Espaces culturels et aspirations minoritaires »  ","projet","groupe-de-travail-et-colloque-international-itinraires-de-reconnaissance-espaces-culturels-et-aspirations-minoritaires","GDTECIIRDRECEAM","2016-01-15T23:00:00.000Z","2016-01-15T23:00:00.000Z",,""
ObjectID(569a23875404e700078673b9),"Grenoble","ville","grenoble","","","",,""
ObjectID(569a23875404e700078673ba),"Arabesques ","partenaire","arabesques","","","",,""
ObjectID(569a23875404e700078673bb),"Saint-Etienne","ville","saint-etienne","","","",,""
ObjectID(569a23875404e700078673bc),"ARALD","partenaire","arald","","","",,""
ObjectID(569a23875404e700078673bd),"Lyon","ville","lyon","","","",,""
ObjectID(569a23875404e700078673be),"Archives françaises du film","partenaire","archives-franaises-du-film","","","",,""
ObjectID(569a23875404e700078673bf),"Cinéma d’animation : un héritage en partage ","projet","cinma-danimation-un-hritage-en-partage","CMDAUHREP","2016-01-15T23:00:00.000Z","2016-01-15T23:00:00.000Z",,""
ObjectID(569a23875404e700078673c0),"Paris","ville","paris","","","",,""
ObjectID(569a23875404e700078673c1),"Archives municipales","partenaire","archives-municipales","","","",,""
ObjectID(569a23875404e700078673c2),"Annecy","ville","annecy","","","",,""
ObjectID(569a23875404e700078673c3),"Les voyageuses britanniques à Lyon au XVIIIe siècle : regards sur une ville en mutation  ","projet","les-voyageuses-britanniques-lyon-au-xviiie-sicle-regards-sur-une-ville-en-mutation","LVBLAXSCRSUVEM","2016-01-15T23:00:00.000Z","2016-01-15T23:00:00.000Z",,""
ObjectID(569a23875404e700078673c4),"ARDI","partenaire","ardi","","","",,""
ObjectID(569a23875404e700078673c5),"projet-86828","projet","projet-86828","P8","2016-01-15T23:00:00.000Z","2016-01-15T23:00:00.000Z",,""
ObjectID(569a23875404e700078673c6),"personne-3647","personne","personne-3647","","","",,""
ObjectID(569a23875404e700078673c7),"ville-63110","ville","ville-63110","","","",,""
ObjectID(569a23875404e700078673c8),"Armand Colin","partenaire","armand-colin","","","",,""
ObjectID(569a23875404e700078673c9),"La représentation de la norme en Allemagne : de la pensée au cinéma","projet","la-reprsentation-de-la-norme-en-allemagne-de-la-pense-au-cinma","LRSDLNEADLPEACM","2016-01-15T23:00:00.000Z","2016-01-15T23:00:00.000Z",,""
ObjectID(569a23875404e700078673ca),"ARTILINKI","partenaire","artilinki","","","",,""
ObjectID(569a23875404e700078673cb),"Prescription et recommandation culturelles à l’ère numérique","projet","prescription-et-recommandation-culturelles-lre-numrique","PERCLRNR","2016-01-15T23:00:00.000Z","2016-01-15T23:00:00.000Z",,""
ObjectID(569a23875404e700078673cc),"CROISSANT Valérie ","personne","croissant-valrie","","","",,""
ObjectID(569a23875404e700078673cd),"Association Animaux Hors Piste","partenaire","association-animaux-hors-piste","","","",,""
ObjectID(569a23875404e700078673ce),"Voix-Corps-Langage, bien-être Homme/Animal, médiation et apprentissage ","projet","voix-corps-langage-bien-tre-hommeanimal-mdiation-et-apprentissage","VCLBTHAMDEA","2016-01-15T23:00:00.000Z","2016-01-15T23:00:00.000Z",,""
ObjectID(569a23875404e700078673cf),"Egletons","ville","egletons","","","",,""
ObjectID(569a23875404e700078673d0),"Association Arabesques","partenaire","association-arabesques","","","",,""
ObjectID(569a23875404e700078673d1),"Association Connaissance du Canton de la Motte-Servolex","partenaire","association-connaissance-du-canton-de-la-motte-servolex","","","",,""
ObjectID(569a23875404e700078673d2),"La Motte-Servolex","ville","la-motte-servolex","","","",,""
ObjectID(569a23875404e700078673d3),"Association Coup de soleil Rhône-Alpes","partenaire","association-coup-de-soleil-rhne-alpes","","","",,""
ObjectID(569a23875404e700078673d4),"Association des Amis de Jacob Spon","partenaire","association-des-amis-de-jacob-spon","","","",,""
ObjectID(569a23875404e700078673d5),"Association pour l’Autobiographie et le Patrimoine Autobiographique","partenaire","association-pour-lautobiographie-et-le-patrimoine-autobiographique","","","",,""
ObjectID(569a23875404e700078673d6),"Ambérieu en Bugey","ville","ambrieu-en-bugey","","","",,""
ObjectID(569a23875404e700078673d7),"Association pour l’Autobiographie et le patrimoine autobiographique (APA)","partenaire","association-pour-lautobiographie-et-le-patrimoine-autobiographique-apa","","","",,""
ObjectID(569a23875404e700078673d8),"AUEG Alliance Université-
Entreprise de Grenoble","partenaire","aueg-alliance-universit-entreprise-de-grenoble","","","",,""
ObjectID(569a23875404e700078673d9),"AUF (Agence Universitaire pour la Francophonie)","partenaire","auf-agence-universitaire-pour-la-francophonie","","","",,""
ObjectID(569a23875404e700078673da),"AWABOTSAS ","partenaire","awabotsas","","","",,""
ObjectID(569a23875404e700078673db),"Villeurbanne","ville","villeurbanne","","","",,""
ObjectID(569a23875404e700078673dc),"Bibliothèque de l’Arsenal (Bibliothèque nationale de France)","partenaire","bibliothque-de-larsenal-bibliothque-nationale-de-france","","","",,""
ObjectID(569a23875404e700078673dd),"Saint-Simon et les saint-simoniens : questions d’économie, d’histoire et de littérature  ","projet","saint-simon-et-les-saint-simoniens-questions-dconomie-dhistoire-et-de-littrature","SSELSSQDCDHEDLR","2016-01-15T23:00:00.000Z","2016-01-15T23:00:00.000Z",,""
ObjectID(569a23875404e700078673de),"RÉGNIER Philippe","personne","rgnier-philippe","","","",,""
ObjectID(569a23875404e700078673df),"Bibliothèque Denis Diderot","partenaire","bibliothque-denis-diderot","","","",,""
ObjectID(569a23875404e700078673e0),"Les formes du débat. Querelles, polémiques et controverses à l’âge classique  ","projet","les-formes-du-dbat-querelles-polmiques-et-controverses-lge-classique","LFDDBQPMECLGC","2016-01-15T23:00:00.000Z","2016-01-15T23:00:00.000Z",,""
ObjectID(569a23875404e700078673e1),"Bibliothèque Diderot de Lyon","partenaire","bibliothque-diderot-de-lyon","","","",,""
ObjectID(569a23875404e700078673e2),"La naissance d’un genre : le roman d’anticipation au tournant du XIXe siècle (1860-1930) ","projet","la-naissance-dun-genre-le-roman-danticipation-au-tournant-du-xixe-sicle-1860-1930","LNDUGLRDAATDXSC11","2016-01-15T23:00:00.000Z","2016-01-15T23:00:00.000Z",,""
ObjectID(569a23875404e700078673e3),"Bibliothèque municipale de Grenoble","partenaire","bibliothque-municipale-de-grenoble","","","",,""
ObjectID(569a23875404e700078673e4),"ville-16470","ville","ville-16470","","","",,""
ObjectID(569a23875404e700078673e5),"ville-80064","ville","ville-80064","","","",,""
ObjectID(569a23875404e700078673e6),"ville-93346","ville","ville-93346","","","",,""
ObjectID(569a23875404e700078673e7),"ville-27241","ville","ville-27241","","","",,""
ObjectID(569a23875404e700078673e8),"Bibliothèque municipale de la Part-Dieu","partenaire","bibliothque-municipale-de-la-part-dieu","","","",,""
ObjectID(569a23875404e700078673e9),"Bibliothèque Municipale de Lyon","partenaire","bibliothque-municipale-de-lyon","","","",,""
ObjectID(569a23875404e700078673ea),"Les langues et le genre (grammaires, cultures, littératures)","projet","les-langues-et-le-genre-grammaires-cultures-littratures","LLELGGCLR","2016-01-15T23:00:00.000Z","2016-01-15T23:00:00.000Z",,""
ObjectID(569a23875404e700078673eb),"Le livre italien à Lyon au XVIe siècle","projet","le-livre-italien-lyon-au-xvie-sicle","LLILAXSC","2016-01-15T23:00:00.000Z","2016-01-15T23:00:00.000Z",,""
ObjectID(569a23875404e700078673ec),"Bibliothèque municipale de Lyon – Fonds ancien","partenaire","bibliothque-municipale-de-lyon-fonds-ancien","","","",,""
ObjectID(569a23875404e700078673ed),"Bibliothèque nationale de
France","partenaire","bibliothque-nationale-de-france","","","",,""
ObjectID(569a23875404e700078673ee),"Monnaie impériale et corpus numismatique en Rhône-Alpes - MARA (postdoc) ","projet","monnaie-impriale-et-corpus-numismatique-en-rhne-alpes-mara-postdoc","MIRECNERNAMP","2016-01-15T23:00:00.000Z","2016-01-15T23:00:00.000Z",,""
ObjectID(569a23875404e700078673ef),"Estiot Viviane","personne","estiot-viviane","","","",,""
ObjectID(569a23875404e700078673f0),"CCSTI La Casemate","partenaire","ccsti-la-casemate","","","",,""
ObjectID(569a23875404e700078673f1),"CCSTI La Rotonde","partenaire","ccsti-la-rotonde","","","",,""
ObjectID(569a23875404e700078673f2),"CDN Comédie de Valence","partenaire","cdn-comdie-de-valence","","","",,""
ObjectID(569a23875404e700078673f3),"« Nouvelles » organisations du travail en compagnie : quelles possibilités pour le spectacle vivant ?","projet","nouvelles-organisations-du-travail-en-compagnie-quelles-possibilits-pour-le-spectacle-vivant","NODTECQPSPLSV","2016-01-15T23:00:00.000Z","2016-01-15T23:00:00.000Z",,""
ObjectID(569a23875404e700078673f4)," RUSET Séverine","personne","ruset-sverine","","","",,""
ObjectID(569a23875404e700078673f5),"Valence","ville","valence","","","",,""
ObjectID(569a23875404e700078673f6),"Archives cinématographiques en Rhône-Alpes : entre documents et création","projet","archives-cinmatographiques-en-rhne-alpes-entre-documents-et-cration","ACMERNAEDECA","2016-01-15T23:00:00.000Z","2016-01-15T23:00:00.000Z",,""
ObjectID(569a23875404e700078673f7),"ville-82369","ville","ville-82369","","","",,""
ObjectID(569a23875404e700078673f8),"Centre d’Etudes Canadiennes de Grenoble","partenaire","centre-detudes-canadiennes-de-grenoble","","","",,""
ObjectID(569a23875404e700078673f9),"Le développement des ressources minières dans les Amériques : mutations d’un continent (Projet également déposé dans le cadre de l’ARC 3)","projet","le-dveloppement-des-ressources-minires-dans-les-amriques-mutations-dun-continent-projet-galement-dpos-dans-le-cadre-de-larc-3","LDVDRMRDLARMDUCPGDPDLCDLA3","2016-01-15T23:00:00.000Z","2016-01-15T23:00:00.000Z",,""
ObjectID(569a23875404e700078673fa),"Centre du Patrimoine Arménien, Valence","partenaire","centre-du-patrimoine-armnien-valence","","","",,""
ObjectID(569a23875404e700078673fb),"ville-26633","ville","ville-26633","","","",,""
ObjectID(569a23875404e700078673fc),"CIMADE Rhône-Alpes","partenaire","cimade-rhne-alpes","","","",,""
ObjectID(569a23875404e700078673fd),"Séminaire : Ecrire les modernités arabes","projet","sminaire-ecrire-les-modernits-arabes","SMELMSA","2016-01-15T23:00:00.000Z","2016-01-15T23:00:00.000Z",,""
ObjectID(569a23875404e700078673fe),"ABECASSIS Frédéric","personne","abecassis-frdric","","","",,""
ObjectID(569a23875404e700078673ff),"Cinéma Théâtre de La Mure","partenaire","cinma-thtre-de-la-mure","","","",,""
ObjectID(569a23875404e70007867400),"La Mure d’Isère","ville","la-mure-disre","","","",,""
ObjectID(569a23875404e70007867401)," Cinémathèque de Grenoble","partenaire","cinmathque-de-grenoble","","","",,""
ObjectID(569a23875404e70007867402),"ville-82119","ville","ville-82119","","","",,""
ObjectID(569a23875404e70007867403),"CINEX","partenaire","cinex","","","",,""
ObjectID(569a23875404e70007867404),"ville-53752","ville","ville-53752","","","",,""
ObjectID(569a23875404e70007867405),"CNSMD ","partenaire","cnsmd","","","",,""
ObjectID(569a23875404e70007867406),"Conservatoire de Grenoble","partenaire","conservatoire-de-grenoble","","","",,""
ObjectID(569a23875404e70007867407),"Consortium CAHIER (IR Corpus)","partenaire","consortium-cahier-ir-corpus","","","",,""
ObjectID(569a23875404e70007867408),"Tours","ville","tours","","","",,""
ObjectID(569a23875404e70007867409),"COREPHA","partenaire","corepha","","","",,""
ObjectID(569a23875404e7000786740a),"Médélice Jeanine Elisa ","personne","mdlice-jeanine-elisa","","","",,""
ObjectID(569a23875404e7000786740b),"Voreppe","ville","voreppe","","","",,""
ObjectID(569a23875404e7000786740c),"CRR","partenaire","crr","","","",,""
ObjectID(569a23875404e7000786740d),"DECITRE","partenaire","decitre","","","",,""
ObjectID(569a23875404e7000786740e),"Didier Billon","partenaire","didier-billon","","","",,""
ObjectID(569a23875404e7000786740f),"Corrèze, puis Vercors","ville","corrze-puis-vercors","","","",,""
ObjectID(569a23875404e70007867410),"Direction de la culture de la  Région Rhône-Alpes","partenaire","direction-de-la-culture-de-la-rgion-rhne-alpes","","","",,""
ObjectID(569a23875404e70007867411),"DRAC Rhône Alpes","partenaire","drac-rhne-alpes","","","",,""
ObjectID(569a23875404e70007867412),"DSI Pôle TICE","partenaire","dsi-ple-tice","","","",,""
ObjectID(569a23875404e70007867413),"École Nationale Supérieure de Mines","partenaire","cole-nationale-suprieure-de-mines","","","",,""
ObjectID(569a23875404e70007867414),"Ecole Supérieure Art Design Grenoble-Valence","partenaire","ecole-suprieure-art-design-grenoble-valence","","","",,""
ObjectID(569a23875404e70007867415),"ville-35682","ville","ville-35682","","","",,""
ObjectID(569a23875404e70007867416),"ville-16684","ville","ville-16684","","","",,""
ObjectID(569a23875404e70007867417),"Editions Amsterdam","partenaire","editions-amsterdam","","","",,""
ObjectID(569a23875404e70007867418),"Économie de l’attention et enchantements médiatiques  ","projet","conomie-de-lattention-et-enchantements-mdiatiques","CDLAEEMD","2016-01-15T23:00:00.000Z","2016-01-15T23:00:00.000Z",,""
ObjectID(569a23875404e70007867419),"EDITIONS DU CROQUANT","partenaire","editions-du-croquant","","","",,""
ObjectID(569a23875404e7000786741a),"BELLECOMBE","ville","bellecombe","","","",,""
ObjectID(569a23875404e7000786741b),"Editions Honoré Champion","partenaire","editions-honor-champion","","","",,""
ObjectID(569a23875404e7000786741c),"EPCC CITIA","partenaire","epcc-citia","","","",,""
ObjectID(569a23875404e7000786741d),"Erasme","partenaire","erasme","","","",,""
ObjectID(569a23875404e7000786741e),"Fondazione Maria Cosway","partenaire","fondazione-maria-cosway","","","",,""
ObjectID(569a23875404e7000786741f),"Lodi (Italie)","ville","lodi-italie","","","",,""
ObjectID(569a23875404e70007867420),"Forum de solidarité euro-méditerranéenne","partenaire","forum-de-solidarit-euro-mditerranenne","","","",,""
ObjectID(569a23875404e70007867421),"Gilbert Bauer","partenaire","gilbert-bauer","","","",,""
ObjectID(569a23875404e70007867422),"Varez","ville","varez","","","",,""
ObjectID(569a23875404e70007867423),"Goethe Institut","partenaire","goethe-institut","","","",,""
ObjectID(569a23875404e70007867424),"Lille","ville","lille","","","",,""
ObjectID(569a23875404e70007867425),"Gruppo di studi sul Cinquecento francese","partenaire","gruppo-di-studi-sul-cinquecento-francese","","","",,""
ObjectID(569a23875404e70007867426),"Vérone - Italie","ville","vrone-italie","","","",,""
ObjectID(569a23875404e70007867427),"IMAGINOVE","partenaire","imaginove","","","",,""
ObjectID(569a23875404e70007867428),"projet-75949","projet","projet-75949","P7","2016-01-15T23:00:00.000Z","2016-01-15T23:00:00.000Z",,""
ObjectID(569a23875404e70007867429),"personne-22494","personne","personne-22494","","","",,""
ObjectID(569a23875404e7000786742a),"ville-63300","ville","ville-63300","","","",,""
ObjectID(569a23875404e7000786742b),"L’Agence Rhône-Alpes pour le livre et la documentation (ARALD)","partenaire","lagence-rhne-alpes-pour-le-livre-et-la-documentation-arald","","","",,""
ObjectID(569a23875404e7000786742c),"L’offre de livres numériques à destination des bibliothèques de lecture publique","projet","loffre-de-livres-numriques-destination-des-bibliothques-de-lecture-publique","LODLNRDDBQDLP","2016-01-15T23:00:00.000Z","2016-01-15T23:00:00.000Z",,""
ObjectID(569a23875404e7000786742d)," EPRON Benoît ","personne","epron-benot","","","",,""
ObjectID(569a23875404e7000786742e),"L’Amphithéâtre","partenaire","lamphithtre","","","",,""
ObjectID(569a23875404e7000786742f),"Pont de Claix","ville","pont-de-claix","","","",,""
ObjectID(569a23875404e70007867430),"L’Auditorium","partenaire","lauditorium","","","",,""
ObjectID(569a23875404e70007867431),"La Métro","partenaire","la-mtro","","","",,""
ObjectID(569a23875404e70007867432),"pistêknê – Projet d’animation en vue de la création d’un GDR-CNRS Autour des processus de création-production dans les rapports Arts-Sciences-Techniques ","projet","pistkn-projet-danimation-en-vue-de-la-cration-dun-gdr-cnrs-autour-des-processus-de-cration-production-dans-les-rapports-arts-sciences-techniques","PKPDAEVDLCADUGCADPDCAPDLRAST","2016-01-15T23:00:00.000Z","2016-01-15T23:00:00.000Z",,""
ObjectID(569a23875404e70007867433),"Communauté d'agglomération Grenoble-Alpes-Métropole","ville","communaut-dagglomration-grenoble-alpes-mtropole","","","",,""
ObjectID(569a23875404e70007867434),"Laboratoire","partenaire","laboratoire","","","",,""
ObjectID(569a23875404e70007867435),"Le Merlan","partenaire","le-merlan","","","",,""
ObjectID(569a23875404e70007867436),"Marseille","ville","marseille","","","",,""
ObjectID(569a23875404e70007867437),"Le Polau","partenaire","le-polau","","","",,""
ObjectID(569a23875404e70007867438),"ville-79141","ville","ville-79141","","","",,""
ObjectID(569a23875404e70007867439),"LICRA Rhône-Alpes","partenaire","licra-rhne-alpes","","","",,""
ObjectID(569a23875404e7000786743a),"LUX Scène nationale de Valence","partenaire","lux-scne-nationale-de-valence","","","",,""
ObjectID(569a23875404e7000786743b),"Maison d’Ailleurs","partenaire","maison-dailleurs","","","",,""
ObjectID(569a23875404e7000786743c)," Yverdon-les-Bains
Suisse","ville","yverdon-les-bains-suisse","","","",,""
ObjectID(569a23875404e7000786743d),"Maison de l’International de Grenoble","partenaire","maison-de-linternational-de-grenoble","","","",,""
ObjectID(569a23875404e7000786743e),"Maison de la Danse","partenaire","maison-de-la-danse","","","",,""
ObjectID(569a23875404e7000786743f),"Médiathèques de Bron ","partenaire","mdiathques-de-bron","","","",,""
ObjectID(569a23875404e70007867440),"Bron","ville","bron","","","",,""
ObjectID(569a23875404e70007867441),"METRO","partenaire","metro","","","",,""
ObjectID(569a23875404e70007867442),"Mission Culture et Numérique du Conseil Régional Rhône-Alpes","partenaire","mission-culture-et-numrique-du-conseil-rgional-rhne-alpes","","","",,""
ObjectID(569a23875404e70007867443),"MJC- Festival « A nous de voir » Cinéma et science","partenaire","mjc-festival-a-nous-de-voir-cinma-et-science","","","",,""
ObjectID(569a23875404e70007867444),"Oullins","ville","oullins","","","",,""
ObjectID(569a23875404e70007867445),"Monastère royal de Brou","partenaire","monastre-royal-de-brou","","","",,""
ObjectID(569a23875404e70007867446),"Le monastère royal de Brou : un foyer d’art international au temps des renaissances","projet","le-monastre-royal-de-brou-un-foyer-dart-international-au-temps-des-renaissances","LMRRDBUFDAIATDR","2016-01-15T23:00:00.000Z","2016-01-15T23:00:00.000Z",,""
ObjectID(569a23875404e70007867447),"ville-65442","ville","ville-65442","","","",,""
ObjectID(569a23875404e70007867448),"Multitudes","partenaire","multitudes","","","",,""
ObjectID(569a23875404e70007867449),"Musée d’Art Moderne de Saint-Étienne Métropole","partenaire","muse-dart-moderne-de-saint-tienne-mtropole","","","",,""
ObjectID(569a23875404e7000786744a),"Musée de l’Imprimerie  Lyon","partenaire","muse-de-limprimerie-lyon","","","",,""
ObjectID(569a23875404e7000786744b),"Musée de la Civilisation gallo-romaine","partenaire","muse-de-la-civilisation-gallo-romaine","","","",,""
ObjectID(569a23875404e7000786744c),"Musée de vienne","partenaire","muse-de-vienne","","","",,""
ObjectID(569a23875404e7000786744d),"Vienne","ville","vienne","","","",,""
ObjectID(569a23875404e7000786744e),"Musée des Beaux-Arts de Lyon","partenaire","muse-des-beaux-arts-de-lyon","","","",,""
ObjectID(569a23875404e7000786744f),"Valorisation multi-facettes d’inscriptions antiques : épigraphie et médiations numériques ","projet","valorisation-multi-facettes-dinscriptions-antiques-pigraphie-et-mdiations-numriques","VMFDIAPEMDNR","2016-01-15T23:00:00.000Z","2016-01-15T23:00:00.000Z",,""
ObjectID(569a23875404e70007867450),"Musée des Confluences","partenaire","muse-des-confluences","","","",,""
ObjectID(569a23875404e70007867451),"Musée du Louvre","partenaire","muse-du-louvre","","","",,""
ObjectID(569a23875404e70007867452),"Musée Gadagne","partenaire","muse-gadagne","","","",,""
ObjectID(569a23875404e70007867453),"Musée gallo-romain de Lyon-Fourvière","partenaire","muse-gallo-romain-de-lyon-fourvire","","","",,""
ObjectID(569a23875404e70007867454),"Musée La Mine Image","partenaire","muse-la-mine-image","","","",,""
ObjectID(569a23875404e70007867455),"La Motte D’Aveillans","ville","la-motte-daveillans","","","",,""
ObjectID(569a23875404e70007867456),"Musée Stendhal","partenaire","muse-stendhal","","","",,""
ObjectID(569a23875404e70007867457),"Musée-Château ","partenaire","muse-chteau","","","",,""
ObjectID(569a23875404e70007867458),"Musées Gadagne","partenaire","muses-gadagne","","","",,""
ObjectID(569a23875404e70007867459),"NACRe (Nouvelle Agence Culturelle Rhône-Alpes)","partenaire","nacre-nouvelle-agence-culturelle-rhne-alpes","","","",,""
ObjectID(569a23875404e7000786745a),"Novembre des canuts","partenaire","novembre-des-canuts","","","",,""
ObjectID(569a23875404e7000786745b),"Observatoire des politiques culturelles","partenaire","observatoire-des-politiques-culturelles","","","",,""
ObjectID(569a23875404e7000786745c),"Esthétisation de l’espace public et tournant culturel des métropoles (ESTHER) ","projet","esthtisation-de-lespace-public-et-tournant-culturel-des-mtropoles-esther","ETDLEPETCDMTE","2016-01-15T23:00:00.000Z","2016-01-15T23:00:00.000Z",,""
ObjectID(569a23875404e7000786745d),"ODTI","partenaire","odti","","","",,""
ObjectID(569a23875404e7000786745e),"Opéra de Lyon","partenaire","opra-de-lyon","","","",,""
ObjectID(569a23875404e7000786745f),"PADDI, Centre de Prospective et d’Etudes urbaines","partenaire","paddi-centre-de-prospective-et-detudes-urbaines","","","",,""
ObjectID(569a23875404e70007867460),"Ho Chi Minh-Ville (Vietnam)","ville","ho-chi-minh-ville-vietnam","","","",,""
ObjectID(569a23875404e70007867461),"Planétarium ","partenaire","plantarium","","","",,""
ObjectID(569a23875404e70007867462),"Science et technique en fictions, quels regards portés par les jeunes ?  ","projet","science-et-technique-en-fictions-quels-regards-ports-par-les-jeunes","SETEFQRPSPLJ","2016-01-15T23:00:00.000Z","2016-01-15T23:00:00.000Z",,""
ObjectID(569a23875404e70007867463),"NGUYEN Céline","personne","nguyen-cline","","","",,""
ObjectID(569a23875404e70007867464),"Vaulx-en-Velin","ville","vaulx-en-velin","","","",,""
ObjectID(569a23875404e70007867465),"Pôle Editions Numériques  (MRSH Caen)","partenaire","ple-editions-numriques-mrsh-caen","","","",,""
ObjectID(569a23875404e70007867466),"Caen","ville","caen","","","",,""
ObjectID(569a23875404e70007867467),"Salomon","partenaire","salomon","","","",,""
ObjectID(569a23875404e70007867468),"Une approche communicationelle de l’activité physique : médiation scientifique numérique et santé publique ","projet","une-approche-communicationelle-de-lactivit-physique-mdiation-scientifique-numrique-et-sant-publique","UACDLAPMDSNRESP","2016-01-15T23:00:00.000Z","2016-01-15T23:00:00.000Z",,""
ObjectID(569a23875404e70007867469),"CHENE Aurélie","personne","chene-aurlie","","","",,""
ObjectID(569a23875404e7000786746a),"Service Science & Société de l’Université de Lyon","partenaire","service-science-socit-de-luniversit-de-lyon","","","",,""
ObjectID(569a23875404e7000786746b),"Service Science et Société de l’Université de Lyon ","partenaire","service-science-et-socit-de-luniversit-de-lyon","","","",,""
ObjectID(569a23875404e7000786746c),"Société des Études saint-simoniennes","partenaire","socit-des-tudes-saint-simoniennes","","","",,""
ObjectID(569a23875404e7000786746d),"Paris/Lyon","ville","parislyon","","","",,""
ObjectID(569a23875404e7000786746e),"Temps Relatif","partenaire","temps-relatif","","","",,""
ObjectID(569a23875404e7000786746f),"Théâtre de Bourg en Bresse","partenaire","thtre-de-bourg-en-bresse","","","",,""
ObjectID(569a23875404e70007867470),"Bourg en Bresse","ville","bourg-en-bresse","","","",,""
ObjectID(569a23875404e70007867471),"Théâtre des Célestins","partenaire","thtre-des-clestins","","","",,""
ObjectID(569a23875404e70007867472),"Théâtre Théo Argence","partenaire","thtre-tho-argence","","","",,""
ObjectID(569a23875404e70007867473),"Saint Priest","ville","saint-priest","","","",,""
ObjectID(569a23875404e70007867474),"UCBLyon1 - ISTR Formation orthophonie","partenaire","ucblyon1-istr-formation-orthophonie","","","",,""
ObjectID(569a23875404e70007867475),"ville-41805","ville","ville-41805","","","",,""
ObjectID(569a23875404e70007867476),"Unesco","partenaire","unesco","","","",,""
ObjectID(569a23875404e70007867477),"Ville de Grenoble","partenaire","ville-de-grenoble","","","",,""
ObjectID(569a23875404e70007867478),"ville-11956","ville","ville-11956","","","",,""
ObjectID(569a23875404e70007867479),"Wan-Ifra","partenaire","wan-ifra","","","",,""
ObjectID(569a23875404e7000786747a),"William Rabasse","partenaire","william-rabasse","","","",,""
ObjectID(569a23875404e7000786747b),"Vercors","ville","vercors","","","",,""
ObjectID(569a23875404e7000786747c),"Yann Grüss","partenaire","yann-grss","","","",,""
ObjectID(569a23875404e7000786747d),"Vierzon","ville","vierzon","","","",,""
ObjectID(569a23875404e7000786747e),"partenaire-70144","partenaire","partenaire-70144","","","",,""
ObjectID(569a23875404e7000786747f),"partenaire-56583","partenaire","partenaire-56583","","","",,""
ObjectID(569a23875404e70007867480),"projet-54167","projet","projet-54167","P5","2016-01-15T23:00:00.000Z","2016-01-15T23:00:00.000Z",,""
ObjectID(569a23875404e70007867481),"partenaire-12571","partenaire","partenaire-12571","","","",,""
ObjectID(569a23875404e70007867482),"personne-10193","personne","personne-10193","","","",,""
ObjectID(569a23875404e70007867483),"partenaire-57839","partenaire","partenaire-57839","","","",,""
ObjectID(569a23875404e70007867484),"ville-84654","ville","ville-84654","","","",,""
ObjectID(569a23875404e70007867485),"Les voyageuses britanniques à Lyon","projet","les-voyageuses-britanniques-a-lyon","LVBL","2011-12-31T23:00:00.000Z","2016-01-15T23:00:00.000Z",,"http://arcs.test/bdd/projet/les-voyageuses-britanniques-a-lyon/"
ObjectID(569a23875404e70007867486),"Ecole normale supérieure de Lyon","etablissement","ecole-normale-suprieure-de-lyon","","","",,""
ObjectID(569a23875404e70007867487),"Monnaie impériale et corpus numismatique en Rhône-Alpes","projet","monnaie-imperiale-et-corpus-numismatique-en-rhone-alpes","Projet de post-doctorat","2011-12-31T23:00:00.000Z","2013-12-31T23:00:00.000Z",1,"http://arcs.test/bdd/projet/monnaie-imperiale-et-corpus-numismatique-en-rhone-alpes/"
ObjectID(569a23875404e70007867488),"HISOMA - Histoire et Sources des Mondes Antiques","laboratoire","hisoma-histoire-et-sources-des-mondes-antiques","","","",,"http://www.arc.rhonealpes.fr/?post_type=bdd_laboratoire&p=1443&bdd=love"
ObjectID(569a23875404e70007867489),"Monnaie antique en Rhône-Alpes : du document monétaire à son exploitation","projet","monnaie-antique-en-rhone-alpes-du-document-monetaire-a-son-exploitation","MARA","2011-12-31T23:00:00.000Z","2013-12-31T23:00:00.000Z",1,"http://arcs.test/bdd/projet/monnaie-antique-en-rhone-alpes-du-document-monetaire-a-son-exploitation/"
ObjectID(569a23875404e7000786748a),"Analyse des représentations, attitudes et positionnements de publics jeunes à l’égard des sciences et techniques appréhendés via la mise en récit","these","analyse-des-representations-attitudes-et-positionnements-de-publics-jeunes-a-legard-des-sciences-et-techniques-apprehendes-via-la-mise-en-recit","ADRSAEPDPJLGDSETAHSVLMERC","2014-12-31T23:00:00.000Z","2016-01-15T23:00:00.000Z",,"http://arcs.test/bdd/these/analyse-des-representations-attitudes-et-positionnements-de-publics-jeunes-a-legard-des-sciences-et-techniques-apprehendes-via-la-mise-en-recit/"
ObjectID(569a23875404e7000786748b),"S2HEP - Sciences, société, Historicité, Éducation, Pratiques","laboratoire","s2hep-sciences-socit-historicit-ducation-pratiques","","","",,"http://www.arc.rhonealpes.fr/bdd/laboratoire/s2hep-sciences-societe-historicite-education-pratiques/"
ObjectID(569a23875404e7000786748c),"UNIVERSITÉ CLAUDE BERNARD LYON 1","etablissement","universit-claude-bernard-lyon-1","","","",,""
ObjectID(569a23875404e7000786748d),"TRIQUET Eric","personne","triquet-eric","","","",,""
ObjectID(569a23875404e7000786748e),"CHOUTEAU Marianne","personne","chouteau-marianne","","","",,""
ObjectID(569a23875404e7000786748f),"Développement d’interfaces pour le Web destinées à rendre accessibles les outils de la création musicale contemporaine","these","developpement-dinterfaces-pour-le-web-destinees-a-rendre-accessibles-les-outils-de-la-creation-musicale-contemporaine","DVDIPLWDERALODLCAMC","2014-12-31T23:00:00.000Z","2016-01-15T23:00:00.000Z",,"http://arcs.test/bdd/these/developpement-dinterfaces-pour-le-web-destinees-a-rendre-accessibles-les-outils-de-la-creation-musicale-contemporaine/"
ObjectID(569a23875404e70007867490),"CIEREC - Centre Interdisciplinaire d’Études et de Recherches sur l’Expression Contemporaine","laboratoire","cierec-centre-interdisciplinaire-dtudes-et-de-recherches-sur-lexpression-contemporaine","","","",,"http://www.arc.rhonealpes.fr/bdd/laboratoire/cierec-centre-interdisciplinaire-detudes-et-de-recherches-sur-lexpression-contemporaine/"
ObjectID(569a23875404e70007867491),"Université Jean Monnet ","etablissement","universit-jean-monnet","","","",,""
ObjectID(569a23875404e70007867492),"Conservatoire National Supérieur de Musique et de Danse - CNSMD de Lyon","partenaire","conservatoire-national-suprieur-de-musique-et-de-danse-cnsmd-de-lyon","","","",,""
ObjectID(569a23875404e70007867493),"Grame - Centre national de création musicale","partenaire","grame-centre-national-de-cration-musicale","","","",,""
ObjectID(569a23875404e70007867494),"Cefedem -  Centres de formation des enseignants de la danse et de la musique","partenaire","cefedem-centres-de-formation-des-enseignants-de-la-danse-et-de-la-musique","","","",,""
ObjectID(569a23875404e70007867495),"Conservatoire à rayonnement régional du Grand Chalon ","partenaire","conservatoire-rayonnement-rgional-du-grand-chalon","","","",,""
ObjectID(569a23875404e70007867496),"POTTIER Laurent","personne","pottier-laurent","","","",,""
ObjectID(569a23875404e70007867497),"Politiques publiques de recherche : enquête philosophique sur les formes possibles de démocratisation","these","politiques-publiques-de-recherche-enquete-philosophique-sur-les-formes-possibles-de-democratisation","PPDRETPSLFPDDM","2014-12-31T23:00:00.000Z","2016-01-15T23:00:00.000Z",3,"http://arcs.test/bdd/these/politiques-publiques-de-recherche-enquete-philosophique-sur-les-formes-possibles-de-democratisation/"
ObjectID(569a23875404e70007867498),"PLC - Philosophie, Langages & Cognition","laboratoire","plc-philosophie-langages-cognition","","","",,"http://www.arc.rhonealpes.fr/?post_type=bdd_laboratoire&p=1557&bdd=love"
ObjectID(569a23875404e70007867499),"Université Pierre Mendès France","etablissement","universit-pierre-mends-france","","","",,""
ObjectID(569a23875404e7000786749a),"LOUVEL Séverine","personne","louvel-sverine","","","",,""
ObjectID(569a23875404e7000786749b),"Documenter l’expérience habitante de la ville sur les réseaux sociaux : corpus photographiques et données numériques, le sens des collections","these","documenter-lexperience-habitante-de-la-ville-sur-les-reseaux-sociaux-corpus-photographiques-et-donnees-numeriques-le-sens-des-collections","DLERHDLVSLRSSCPEDENRLSDC","2014-12-31T23:00:00.000Z","2016-01-15T23:00:00.000Z",2,"http://arcs.test/bdd/these/documenter-lexperience-habitante-de-la-ville-sur-les-reseaux-sociaux-corpus-photographiques-et-donnees-numeriques-le-sens-des-collections/"
ObjectID(569a23875404e7000786749c),"ELICO - laboratoire de recherche lyonnais des sciences de l’information et de la communication","laboratoire","elico-laboratoire-de-recherche-lyonnais-des-sciences-de-linformation-et-de-la-communication","","","",,"http://www.arc.rhonealpes.fr/?post_type=bdd_laboratoire&p=1534&bdd=love"
ObjectID(569a23875404e7000786749d),"Université Lumière - Lyon 2","etablissement","universit-lumire-lyon-2","","","",,""
ObjectID(569a23875404e7000786749e),"Webcastor","partenaire","webcastor","","","",,""
ObjectID(569a23875404e7000786749f),"BONACCORSI Julia","personne","bonaccorsi-julia","","","",,""
ObjectID(569a23875404e700078674a0),"EGYED-ZSIGMOND Elöd ","personne","egyed-zsigmond-eld","","","",,""
ObjectID(569a23875404e700078674a1),"Paléographie musicale assistée  : instrumentation numérique pour l’analyse et l’édition de partitions musicales manuscrites inédites","these","paleographie-musicale-assistee-instrumentation-numerique-pour-lanalyse-et-ledition-de-partitions-musicales-manuscrites-inedites","POMAEINRPLAELDDPMMID","2014-12-31T23:00:00.000Z","2016-01-15T23:00:00.000Z",2,"http://arcs.test/bdd/these/paleographie-musicale-assistee-instrumentation-numerique-pour-lanalyse-et-ledition-de-partitions-musicales-manuscrites-inedites/"
ObjectID(569a23875404e700078674a2),"LIRIS - Laboratoire d'InfoRmatique en Image et Systèmes d'information","laboratoire","liris-laboratoire-dinformatique-en-image-et-systmes-dinformation","","","",,"http://www.arc.rhonealpes.fr/?post_type=bdd_laboratoire&#038;p=1426&#038;bdd=love"
ObjectID(569a23875404e700078674a3),"INSA Lyon","etablissement","insa-lyon","","","",,""
ObjectID(569a23875404e700078674a4),"Conservatoire Militaire de Musique de l’armée de terre - CMMAT","partenaire","conservatoire-militaire-de-musique-de-larme-de-terre-cmmat","","","",,""
ObjectID(569a23875404e700078674a5),"EGLIN Véronique","personne","eglin-vronique","","","",,""
ObjectID(569a23875404e700078674a6),"LARGERON Christine ","personne","largeron-christine","","","",,""
ObjectID(569a23875404e700078674a7),"Édition nativement numérique des œuvres hagiographiques de Wauchier de Denain d’après le manuscrit 412de la Bibliothèque nationale de France","these","edition-nativement-numerique-des-oeuvres-hagiographiques-de-wauchier-de-denain-dapres-le-manuscrit-412de-la-bibliotheque-nationale-de-france","DNNRDUHDWDDDASLM4LBQNDF","2014-12-31T23:00:00.000Z","2016-01-15T23:00:00.000Z",2,"http://arcs.test/bdd/these/edition-nativement-numerique-des-oeuvres-hagiographiques-de-wauchier-de-denain-dapres-le-manuscrit-412de-la-bibliotheque-nationale-de-france/"
ObjectID(569a23875404e700078674a8),"CIHAM – Histoire, Archéologie, Littératures des mondes chrétiens et musulmans médiévaux","laboratoire","ciham-histoire-archologie-littratures-des-mondes-chrtiens-et-musulmans-mdivaux","","","",,"http://www.arc.rhonealpes.fr/bdd/laboratoire/ciham-histoire-archeologie-litteratures-des-mondes-chretiens-et-musulmans-medievaux/"
ObjectID(569a23875404e700078674a9),"UNIVERSITÉ JEAN MOULIN LYON 3","etablissement","universit-jean-moulin-lyon-3","","","",,""
ObjectID(569a23875404e700078674aa),"FÜG-PIERREVILLE Corinne","personne","fg-pierreville-corinne","","","",,""
ObjectID(569a23875404e700078674ab),"BUREAU Bureau","personne","bureau-bureau","","","",,""
ObjectID(569a23875404e700078674ac),"Regards cinématographiques et gestes du travail : films d’amateurs et identifications locales et régionales des territoires de montagne en Rhône-Alpes, des années 1960 à 1975","these","regards-cinematographiques-et-gestes-du-travail-films-damateurs-et-identifications-locales-et-regionales-des-territoires-de-montagne-en-rhone-alpes-des-annees-1960-a-1975","RCMEGDTFDAEILERGDTDMERNADAE11","2014-12-31T23:00:00.000Z","2016-01-15T23:00:00.000Z",1,"http://arcs.test/bdd/these/regards-cinematographiques-et-gestes-du-travail-films-damateurs-et-identifications-locales-et-regionales-des-territoires-de-montagne-en-rhone-alpes-des-annees-1960-a-1975/"
ObjectID(569a23875404e700078674ad),"Cinémathèque des Pays de Savoie et de l’Ain","partenaire","cinmathque-des-pays-de-savoie-et-de-lain","","","",,""
ObjectID(569a23875404e700078674ae),"INA Centre-Est","partenaire","ina-centre-est","","","",,""
ObjectID(569a23875404e700078674af),"LabEx ITEM","partenaire","labex-item","","","",,""
ObjectID(569a23875404e700078674b0),"GRANET-ABISSET  Anne-Marie","personne","granet-abisset-anne-marie","","","",,""
ObjectID(569a23875404e700078674b1),"Entre valeur affective et valeur d’usage : quel avenir pour les églises de la métropole Lyon Saint-Étienne ?","these","entre-valeur-affective-et-valeur-dusage-quel-avenir-pour-les-eglises-de-la-metropole-lyon-saint-etienne","EVAEVDUQAPLGDLMTLST","2014-12-31T23:00:00.000Z","2016-01-15T23:00:00.000Z",1,"http://arcs.test/bdd/these/entre-valeur-affective-et-valeur-dusage-quel-avenir-pour-les-eglises-de-la-metropole-lyon-saint-etienne/"
ObjectID(569a23875404e700078674b2),"EVS - Environnement - Ville -Société","laboratoire","evs-environnement-ville-socit","","","",,"http://www.arc8-industrialisation.rhonealpes.fr/?post_type=bdd_laboratoire&#038;p=1627&#038;bdd=love"
ObjectID(569a23875404e700078674b3),"Le Rize","partenaire","le-rize","","","",,""
ObjectID(569a23875404e700078674b4),"Conservation du patrimoine du Rhône","partenaire","conservation-du-patrimoine-du-rhne","","","",,""
ObjectID(569a23875404e700078674b5),"Service régional de l’inventaire général","partenaire","service-rgional-de-linventaire-gnral","","","",,""
ObjectID(569a23875404e700078674b6),"VESCHAMBRE Vincent ","personne","veschambre-vincent","","","",,""
ObjectID(569a23875404e700078674b7),"DUFIEUX Philippe ","personne","dufieux-philippe","","","",,""
ObjectID(569a23875404e700078674b8),"Félix Thiollier et le livre","these","felix-thiollier-et-le-livre","FLTELL","2014-12-31T23:00:00.000Z","2016-01-15T23:00:00.000Z",1,"http://arcs.test/bdd/these/felix-thiollier-et-le-livre/"
ObjectID(569a23875404e700078674b9),"Musée d’Art Moderne et Contemporain de Saint-Étienne Métropole","partenaire","muse-dart-moderne-et-contemporain-de-saint-tienne-mtropole","","","",,""
ObjectID(569a23875404e700078674ba),"Bibliothèque de la Part-Dieu ","partenaire","bibliothque-de-la-part-dieu","","","",,""
ObjectID(569a23875404e700078674bb)," Musée d’Orsay ","partenaire","muse-dorsay","","","",,""
ObjectID(569a23875404e700078674bc),"Direction de la culture du Conseil général Rhône","partenaire","direction-de-la-culture-du-conseil-gnral-rhne","","","",,""
ObjectID(569a23875404e700078674bd),"Médiathèque municipale de Saint-Étienne","partenaire","mdiathque-municipale-de-saint-tienne","","","",,""
ObjectID(569a23875404e700078674be),"MEAUX Danièle ","personne","meaux-danile","","","",,""
ObjectID(569a23875404e700078674bf),"VENAYRE Sylvain ","personne","venayre-sylvain","","","",,""
ObjectID(569a23875404e700078674c0),"Du manuscrit à l’imprimé : la révolution du livre à Lyon (1470-1520)","these","du-manuscrit-a-limprime-la-revolution-du-livre-a-lyon-1470-1520","DMLILRVDLL11","2013-12-31T23:00:00.000Z","2016-01-15T23:00:00.000Z",1,"http://arcs.test/bdd/these/du-manuscrit-a-limprime-la-revolution-du-livre-a-lyon-1470-1520/"
ObjectID(569a23875404e700078674c1),"Continuités et renouvellements de l’engagement féministe : cas du Planning familial en Rhône-Alpes","these","continuites-et-renouvellements-de-lengagement-feministe-cas-du-planning-familial-en-rhone-alpes","CSERDLEFMCDPFERNA","2013-12-31T23:00:00.000Z","2016-01-15T23:00:00.000Z",3,"http://arcs.test/bdd/these/continuites-et-renouvellements-de-lengagement-feministe-cas-du-planning-familial-en-rhone-alpes/"
ObjectID(569a23875404e700078674c2),"L’émergence du questionnement collectif dans la discussion à visée philosophique entre élèves : Comment apprend-t-on à s’interroger avec les autres ?","these","lemergence-du-questionnement-collectif-dans-la-discussion-a-visee-philosophique-entre-eleves-comment-apprend-t-on-a-sinterroger-avec-les-autres","LMDQCDLDVEPELVCATOSIALA","2013-12-31T23:00:00.000Z","2016-01-15T23:00:00.000Z",3,"http://arcs.test/bdd/these/lemergence-du-questionnement-collectif-dans-la-discussion-a-visee-philosophique-entre-eleves-comment-apprend-t-on-a-sinterroger-avec-les-autres/"
ObjectID(569a23875404e700078674c3),"Université Stendhal ","etablissement","universit-stendhal","","","",,""
ObjectID(569a23875404e700078674c4),"L’événementialisation de la culture scientifique. Rôle et enjeux des manifestations culturelles dans la médiation des sciences","these","levenementialisation-de-la-culture-scientifique-role-et-enjeux-des-manifestations-culturelles-dans-la-mediation-des-sciences","LVNDLCSRLEEDMCDLMDDS","2013-12-31T23:00:00.000Z","2016-01-15T23:00:00.000Z",3,"http://arcs.test/bdd/these/levenementialisation-de-la-culture-scientifique-role-et-enjeux-des-manifestations-culturelles-dans-la-mediation-des-sciences/"
ObjectID(569a23875404e700078674c5),"GRESEC - Groupe de recherche sur les enjeux de la communication","laboratoire","gresec-groupe-de-recherche-sur-les-enjeux-de-la-communication","","","",,"http://www.arc.rhonealpes.fr/?post_type=bdd_laboratoire&p=1545&bdd=love"
ObjectID(569a23875404e700078674c6),"Vertus et faiblesses du crowd-sourcing : Évaluation qualitative et quantitative de la transcription de fonds patrimoniaux","these","vertus-et-faiblesses-du-crowd-sourcing-evaluation-qualitative-et-quantitative-de-la-transcription-de-fonds-patrimoniaux","VEFDCSVQEQDLTDFP","2013-12-31T23:00:00.000Z","2016-01-15T23:00:00.000Z",2,"http://arcs.test/bdd/these/vertus-et-faiblesses-du-crowd-sourcing-evaluation-qualitative-et-quantitative-de-la-transcription-de-fonds-patrimoniaux/"
ObjectID(569a23875404e700078674c7),"LIDILEM - Laboratoire de Linguistique et Didactique des Langues Etrangères et Maternelles","laboratoire","lidilem-laboratoire-de-linguistique-et-didactique-des-langues-etrangres-et-maternelles","","","",,"http://www.arc.rhonealpes.fr/?post_type=bdd_laboratoire&p=1547&bdd=love"
ObjectID(569a23875404e700078674c8),"Enceintes tardives, communautés politiques et restructuration territoriale en rive gauche du Rhône : IIIe-Ve siècle de notre ère","these","enceintes-tardives-communautes-politiques-et-restructuration-territoriale-en-rive-gauche-du-rhone-iiie-ve-siecle-de-notre-ere","ETCSPERTERGDRNIVSCDNR","2013-12-31T23:00:00.000Z","2016-01-15T23:00:00.000Z",1,"http://arcs.test/bdd/these/enceintes-tardives-communautes-politiques-et-restructuration-territoriale-en-rive-gauche-du-rhone-iiie-ve-siecle-de-notre-ere/"
ObjectID(569a23875404e700078674c9),"CRHIPA (Centre de Recherche en Histoire et histoire de l'art. Italie, Pays  Alpins)","laboratoire","crhipa-centre-de-recherche-en-histoire-et-histoire-de-lart-italie-pays-alpins","","","",,"http://www.arc.rhonealpes.fr/?post_type=bdd_laboratoire&p=1381&bdd=love"
ObjectID(569a23875404e700078674ca),"Art Brut : quelle place pour les marges singulières ? Émergence et valorisation d’un projet de réseau d’art singulier en Rhône Alpes","these","art-brut-quelle-place-pour-les-marges-singulieres-emergence-et-valorisation-dun-projet-de-reseau-dart-singulier-en-rhone-alpes","ABQPPLMSRMEVDUPDRSDASERNA","2013-12-31T23:00:00.000Z","2016-01-15T23:00:00.000Z",1,"http://arcs.test/bdd/these/art-brut-quelle-place-pour-les-marges-singulieres-emergence-et-valorisation-dun-projet-de-reseau-dart-singulier-en-rhone-alpes/"
ObjectID(569a23875404e700078674cb),"Le passage au numérique des médias locaux entre mutations médiatiques et mutations territoriales : du bouleversement des pratiques professionnelles à la reconfiguration des identités locales","these","le-passage-au-numerique-des-medias-locaux-entre-mutations-mediatiques-et-mutations-territoriales-du-bouleversement-des-pratiques-professionnelles-a-la-reconfiguration-des-identites-locales","LPANRDMDLEMMDEMTDBDPPLRDISL","2013-12-31T23:00:00.000Z","2016-01-15T23:00:00.000Z",2,"http://arcs.test/bdd/these/le-passage-au-numerique-des-medias-locaux-entre-mutations-mediatiques-et-mutations-territoriales-du-bouleversement-des-pratiques-professionnelles-a-la-reconfiguration-des-identites-locales/"
ObjectID(569a23875404e700078674cc),"Le trésor de Brou et les stratégies dévotionnelles de  Marguerite d’Autriche et de sa cour : Essai de reconstitution in situ des collections léguées par Marguerite d’Autriche à sa fondation funéraire.","these","le-tresor-de-brou-et-les-strategies-devotionnelles-de-marguerite-dautriche-et-de-sa-cour-essai-de-reconstitution-in-situ-des-collections-leguees-par-marguerite-dautriche-a-sa-fond","LTSDBELSGDVDMDAEDSCEDRISDCLGEPMDASFFR","2013-12-31T23:00:00.000Z","2016-01-15T23:00:00.000Z",1,"http://arcs.test/bdd/these/le-tresor-de-brou-et-les-strategies-devotionnelles-de-marguerite-dautriche-et-de-sa-cour-essai-de-reconstitution-in-situ-des-collections-leguees-par-marguerite-dautriche-a-sa-fond/"
ObjectID(569a23875404e700078674cd),"Co-construction et expérimentation de dispositifs de formation de tuteurs pour l’amélioration des parcours d’apprentissage et de la transmission des savoirs en situation professionnelle","these","co-construction-et-experimentation-de-dispositifs-de-formation-de-tuteurs-pour-lamelioration-des-parcours-dapprentissage-et-de-la-transmission-des-savoirs-en-situation-professionnell","CCEERDDDFDTPLALDPDAEDLTDSESP","2013-12-31T23:00:00.000Z","2016-01-15T23:00:00.000Z",3,"http://arcs.test/bdd/these/co-construction-et-experimentation-de-dispositifs-de-formation-de-tuteurs-pour-lamelioration-des-parcours-dapprentissage-et-de-la-transmission-des-savoirs-en-situation-professionnell/"
ObjectID(569a23875404e700078674ce),"Contribution à une géographie du numérique","these","contribution-a-une-geographie-du-numerique","CUGODNR","2013-12-31T23:00:00.000Z","2016-01-15T23:00:00.000Z",2,"http://arcs.test/bdd/these/contribution-a-une-geographie-du-numerique/"
ObjectID(569a23875404e700078674cf),"Enjeux intellectuels et sociaux d&rsquo;une controverse en histoire des sciences et/ou en histoire de la philosophie (fin XVIe siècle &#8211; début XVIIIe siècle)","these","enjeux-intellectuels-et-sociaux-dune-controverse-en-histoire-des-sciences-etou-en-histoire-de-la-philosophie-fin-xvie-siecle-debut-xviiie-siecle","EIESDRUCEHDSEOEHDLPFXSC8DBXSC","2011-12-31T23:00:00.000Z","2016-01-15T23:00:00.000Z",2,"http://arcs.test/bdd/these/enjeux-intellectuels-et-sociaux-dune-controverse-en-histoire-des-sciences-etou-en-histoire-de-la-philosophie-fin-xvie-siecle-debut-xviiie-siecle/"
ObjectID(569a23875404e700078674d0),"DELGADO Hector FERNÁNDEZ","personne","delgado-hector-fernndez","","","",,""
ObjectID(569a23875404e700078674d1),"Extraction et catégorisation de lexiques transdisciplinaires d&rsquo;articles scientifiques de sciences humaines en vue de l&rsquo;indexation automatique","these","extraction-et-categorisation-de-lexiques-transdisciplinaires-darticles-scientifiques-de-sciences-humaines-en-vue-de-lindexation-automatique","EECGDLTDRASDSHEVDLRIA","2011-12-31T23:00:00.000Z","2016-01-15T23:00:00.000Z",3,"http://arcs.test/bdd/these/extraction-et-categorisation-de-lexiques-transdisciplinaires-darticles-scientifiques-de-sciences-humaines-en-vue-de-lindexation-automatique/"
ObjectID(569a23875404e700078674d2),"HATIER Sylvain","personne","hatier-sylvain","","","",,""
ObjectID(569a23875404e700078674d3),"TUTIN 	 Agnès ","personne","tutin-agns","","","",,""
ObjectID(569a23875404e700078674d4),"PAILLIART Isabelle ","personne","pailliart-isabelle","","","",,""
ObjectID(569a23875404e700078674d5),"L&rsquo;évaluation des acquisitions des élèves dans les démarches d investigation :  Jeux entre évaluations formatives et autorégulation des apprentissages.","these","levaluation-des-acquisitions-des-eleves-dans-les-demarches-d-investigation-jeux-entre-evaluations-formatives-et-autoregulation-des-apprentissages","LRVDADLVDLDMDIJEVFEAGDA","2011-12-31T23:00:00.000Z","2016-01-15T23:00:00.000Z",3,"http://arcs.test/bdd/these/levaluation-des-acquisitions-des-eleves-dans-les-demarches-d-investigation-jeux-entre-evaluations-formatives-et-autoregulation-des-apprentissages/"
ObjectID(569a23875404e700078674d6),"LEPAREUR Céline ","personne","lepareur-cline","","","",,""
ObjectID(569a23875404e700078674d7)," LSE - Laboratoire des Sciences de l'Education ","laboratoire","lse-laboratoire-des-sciences-de-leducation","","","",,"http://www.arc.rhonealpes.fr/?post_type=bdd_laboratoire&p=1538&bdd=love"
ObjectID(569a23875404e700078674d8),"VALEX Mathias","personne","valex-mathias","","","",,""
ObjectID(569a23875404e700078674d9),"Analyse de graphes dynamiques : application aux données Vélo&rsquo;V / Inter-arc  ARC 6 &laquo;&nbsp;TIC  et usages informatiques innovants&nbsp;&raquo;","these","analyse-de-graphes-dynamiques-application-aux-donnees-velov-inter-arc-arc-6-tic-et-usages-informatiques-innovants","ADGDAADEVLRVIAA6LNTEUIINR","2011-12-31T23:00:00.000Z","2016-01-15T23:00:00.000Z",2,"http://arcs.test/bdd/these/analyse-de-graphes-dynamiques-application-aux-donnees-velov-inter-arc-arc-6-tic-et-usages-informatiques-innovants/"
ObjectID(569a23875404e700078674da),"HAMON Ronan ","personne","hamon-ronan","","","",,""
ObjectID(569a23875404e700078674db),"ROBARDET Céline ","personne","robardet-cline","","","",,""
ObjectID(569a23875404e700078674dc),"BORGNAT Pierre ","personne","borgnat-pierre","","","",,""
ObjectID(569a23875404e700078674dd),"MATAMOROS Isabelle  ","personne","matamoros-isabelle","","","",,""
ObjectID(569a23875404e700078674de),"ROGERS Rebecca","personne","rogers-rebecca","","","",,""
ObjectID(569a23875404e700078674df),"IRG - Institut de Recherche en Géographie","laboratoire","irg-institut-de-recherche-en-gographie","","","",,"http://www.arc.rhonealpes.fr/?post_type=bdd_laboratoire&#038;p=1508&#038;bdd=love"
ObjectID(569a23875404e700078674e0),"Conception, mise en œuvre et exploitation d’un modèle de description d&rsquo;objets archéologiques complexes","these","conception-mise-en-oeuvre-et-exploitation-dun-modele-de-description-dobjets-archeologiques-complexes","CMEUEEDUMLDDDROAOC","2012-12-31T23:00:00.000Z","2016-01-15T23:00:00.000Z",2,"http://arcs.test/bdd/these/conception-mise-en-oeuvre-et-exploitation-dun-modele-de-description-dobjets-archeologiques-complexes/"
ObjectID(569a23875404e700078674e1),"ÖZTÜRK Aybüke  ","personne","ztrk-aybke","","","",,""
ObjectID(569a23875404e700078674e2),"ERIC - Entrepôts, Représentation et Ingénierie des Connaissances ","laboratoire","eric-entrepts-reprsentation-et-ingnierie-des-connaissances","","","",,"http://www.arc.rhonealpes.fr/?post_type=bdd_laboratoire&#038;p=1434&#038;bdd=love"
ObjectID(569a23875404e700078674e3),"LALLICH Stéphane ","personne","lallich-stphane","","","",,""
ObjectID(569a23875404e700078674e4),"WAKSMAN Yona  ","personne","waksman-yona","","","",,""
ObjectID(569a23875404e700078674e5),"BARRELLON Vincent ","personne","barrellon-vincent","","","",,""
ObjectID(569a23875404e700078674e6),"CALBRETTO Sylvie ","personne","calbretto-sylvie","","","",,""
ObjectID(569a23875404e700078674e7),"FERRET Olivier ","personne","ferret-olivier","","","",,""
ObjectID(569a23875404e700078674e8),"Le cadrage médiatique des techniques financières en France et en Grande-Bretagne","these","le-cadrage-mediatique-des-techniques-financieres-en-france-et-en-grande-bretagne","LCMDDTFREFEEGB","2012-12-31T23:00:00.000Z","2016-01-15T23:00:00.000Z",3,"http://arcs.test/bdd/these/le-cadrage-mediatique-des-techniques-financieres-en-france-et-en-grande-bretagne/"
ObjectID(569a23875404e700078674e9),"MACHUT Antoine ","personne","machut-antoine","","","",,""
ObjectID(569a23875404e700078674ea),"Pacte - Politiques publiques, ACtion politique, TErritoires","laboratoire","pacte-politiques-publiques-action-politique-territoires","","","",,"http://www.arc.rhonealpes.fr/?post_type=bdd_laboratoire&#038;p=1420&#038;bdd=love"
ObjectID(569a23875404e700078674eb),"BASTIN Gilles ","personne","bastin-gilles","","","",,""
ObjectID(569a23875404e700078674ec),"BLANCO Domitille ","personne","blanco-domitille","","","",,""
ObjectID(569a23875404e700078674ed),"Sciences, techniques et esthétiques de l’éclairage sur les scènes parisiennes et lyonnaises, du théâtre romantique au premier cinéma","these","sciences-techniques-et-esthetiques-de-leclairage-sur-les-scenes-parisiennes-et-lyonnaises-du-theatre-romantique-au-premier-cinema-2","STEETDLCSLSNPELDTTRAPCM","2012-12-31T23:00:00.000Z","2016-01-15T23:00:00.000Z",1,"http://arcs.test/bdd/these/sciences-techniques-et-esthetiques-de-leclairage-sur-les-scenes-parisiennes-et-lyonnaises-du-theatre-romantique-au-premier-cinema-2/"
ObjectID(569a23875404e700078674ee),"SULEJMANI Mariglen","personne","sulejmani-mariglen","","","",,""
ObjectID(569a23875404e700078674ef),"UMR LIRE, Littérature, Idéologies, Représentations, XVIIIe-XIXe siècles","laboratoire","umr-lire-littrature-idologies-reprsentations-xviiie-xixe-sicles","","","",,"http://www.arc.rhonealpes.fr/?post_type=bdd_laboratoire&#038;p=1331&#038;bdd=love"
ObjectID(569a23875404e700078674f0),"BARNIER Martin","personne","barnier-martin","","","",,""
